Description,TotalRevenue,TotalQuantity,NumberOfOrders,AveragePrice
"PAPER CRAFT , LITTLE BIRDIE",168469.6,80995,1,2.08
REGENCY CAKESTAND 3 TIER,142264.75,12374,1703,12.482895504962055
WHITE HANGING HEART T-LIGHT HOLDER,100392.1,36706,1971,2.8927678571428577
JUMBO BAG RED RETROSPOT,85040.54000000001,46078,1600,2.015969040247678
MEDIUM CERAMIC TOP STORAGE JAR,81416.73000000001,77916,195,1.2203030303030302
POSTAGE,77803.96,3120,1099,31.570482256596904
PARTY BUNTING,68785.23000000001,15279,1379,4.876220302375811
ASSORTED COLOUR BIRD ORNAMENT,56413.03,35263,1375,1.6807096774193548
Manual,53419.93,6933,253,178.40612903225806
RABBIT NIGHT LIGHT,51251.24,27153,801,2.0127703523693805
CHILLI LIGHTS,46265.11,9646,519,5.4284452975047985
PAPER CHAIN KIT 50'S CHRISTMAS ,42584.130000000005,15591,980,2.9369990029910267
PICNIC BASKET WICKER 60 PIECES,39619.5,61,2,649.5
BLACK RECORD COVER FRAME,39045.8,11401,313,3.659681528662421
JUMBO BAG PINK POLKADOT,37254.36,20148,871,2.018337104072398
DOORMAT KEEP CALM AND COME IN,35880.85,5338,648,7.91196319018405
SPOTTY BUNTING,35509.55,7633,1003,4.917840236686391
WOOD BLACK BOARD ANT WHITE FINISH,34414.71,5913,604,7.462615894039735
SET OF 3 CAKE TINS PANTRY DESIGN ,33298.3,7010,1146,4.953637152777778
JAM MAKING SET WITH JARS,32616.22,8140,878,4.18311717861206
JUMBO BAG STRAWBERRY,30569.32,16771,654,2.006326219512195
VICTORIAN GLASS HANGING T-LIGHT,28735.36,22404,815,1.4308302808302806
HEART OF WICKER LARGE,28479.65,9577,801,2.956905055487053
HEART OF WICKER SMALL,28217.09,16768,961,1.6394279877425946
LUNCH BAG RED RETROSPOT,27868.8,17576,1288,1.6592095165003835
SET OF 3 REGENCY CAKE TINS,26566.280000000002,5844,718,4.932690707350902
JUMBO BAG APPLES,26426.3,13875,718,2.0620027624309394
ALARM CLOCK BAKELIKE RED ,25868.95,7206,877,3.7669525959367944
PAPER CHAIN KIT VINTAGE CHRISTMAS,25639.77,9423,697,2.9364022662889515
DOORMAT RED RETROSPOT,25364.85,3897,576,7.758093587521664
GIN + TONIC DIET METAL SIGN,24944.88,11501,655,2.463905775075988
ROSES REGENCY TEACUP AND SAUCER ,24827.250000000004,9119,783,2.92314791403287
SPACEBOY LUNCH BOX ,24673.14,13908,704,1.9308744710860366
HOT WATER BOTTLE KEEP CALM,24302.55,5313,719,4.866142270861833
JUMBO BAG ALPHABET,24160.44,12533,752,2.0582430647291945
NATURAL SLATE HEART CHALKBOARD ,24089.170000000002,8427,967,2.975267489711934
PLEASE ONE PERSON METAL SIGN,23865.820000000003,11932,694,2.072354609929078
RED  HARMONICA IN BOX ,23756.43,20945,561,1.2612056737588653
JUMBO  BAG BAROQUE BLACK WHITE,23630.58,12771,649,2.0121189024390245
DOORMAT UNION FLAG,23622.54,3614,516,7.796138996138996
CHOCOLATE HOT WATER BOTTLE,23584.64,5152,700,4.87300283286119
POPCORN HOLDER,23417.51,30919,632,0.8432312404287902
REGENCY TEAPOT ROSES ,23033.52,2662,354,9.70313725490196
BAKING SET 9 PIECE RETROSPOT ,22953.100000000002,4786,854,4.989149184149185
DOORMAT NEW ENGLAND,22783.8,3698,531,7.813996247654783
CREAM HEART CARD HOLDER,22687.920000000002,8188,452,3.876057268722467
VINTAGE UNION JACK MEMOBOARD,22679.28,3252,205,9.764536585365853
RED HANGING HEART T-LIGHT HOLDER,22595.190000000002,7749,679,2.9483744557329463
SET OF TEA COFFEE SUGAR TINS PANTRY,22109.079999999998,4658,385,4.887694300518135
ROUND SNACK BOXES SET OF4 WOODLAND ,22101.77,8075,595,2.9354362416107382
JUMBO STORAGE BAG SUKI,21784.84,11513,774,2.0288589743589744
DOORMAT FAIRY CAKE,21171.79,3427,241,7.906198347107438
JAM MAKING SET PRINTED,21147.55,15039,868,1.4717126436781607
VINTAGE UNION JACK BUNTING,20945.16,2538,391,8.505375
JUMBO BAG VINTAGE LEAF,20921.55,10695,772,2.078562259306804
ALARM CLOCK BAKELIKE GREEN,20839.15,5630,789,3.7915809284818067
RECIPE BOX PANTRY YELLOW DESIGN,20838.620000000003,7366,828,2.962523923444976
EDWARDIAN PARASOL NATURAL,20672.91,3822,378,5.864236842105263
JUMBO BAG VINTAGE DOILY ,20641.4,10620,621,2.061926751592357
SET OF 6 SPICE TINS PANTRY DESIGN,20482.600000000002,5360,653,3.9169683257918555
CREAM SWEETHEART MINI CHEST,20448.17,1696,445,12.647355555555556
RETROSPOT TEA SET CERAMIC 11 PC ,20426.23,4239,823,4.998460606060607
COOK WITH WINE METAL SIGN ,20232.13,10169,602,2.0385831960461287
JUMBO SHOPPER VINTAGE RED PAISLEY,20116.38,10490,790,2.037440100882724
DOLLY GIRL LUNCH BOX,20104.09,11323,616,1.9508988764044946
SCOTTIE DOG HOT WATER BOTTLE,20049.9,4248,656,4.902571860816944
WOODEN PICTURE FRAME WHITE FINISH,19945.45,8256,876,2.6547505668934237
DOORMAT HEARTS,19924.66,3268,480,7.949064449064449
RED TOADSTOOL LED NIGHT LIGHT,19831.71,12863,522,1.6596212121212122
LUNCH BOX I LOVE LONDON,19316.17,11075,504,1.9266666666666665
DOORMAT FANCY FONT HOME SWEET HOME,19149.07,3087,397,7.865163727959699
JUMBO BAG OWLS,19047.02,10451,411,2.018870192307692
PAPER BUNTING RETROSPOT,18785.99,6877,567,2.9045359019264447
ALARM CLOCK BAKELIKE PINK,18539.09,5066,613,3.7872697899838452
JUMBO BAG PINK VINTAGE PAISLEY,18427.9,9888,602,2.0408760330578515
LUNCH BAG APPLE DESIGN,18220.5,11530,866,1.6413439635535307
LUNCH BAG  BLACK SKULL.,17950.3,11246,1052,1.6436920222634508
RED RETROSPOT CAKE STAND,17918.8,1808,421,10.862559241706162
GREEN REGENCY TEACUP AND SAUCER,17735.54,6406,691,2.942057142857143
JUMBO BAG 50'S CHRISTMAS ,17636.04,8933,586,2.070135135135135
WOODEN FRAME ANTIQUE WHITE ,17583.77,6268,811,2.9328921568627453
ROUND SNACK BOXES SET OF 4 FRUITS ,17569.59,6469,458,2.927527114967462
ROTATING SILVER ANGELS T-LIGHT HLDR,17554.27,7892,305,2.6070625
HOMEMADE JAM SCENTED CANDLES,17504.2,12080,518,1.4507335907335908
GUMBALL COAT RACK,17488.55,7652,570,2.498700173310225
FAIRY CAKE FLANNEL ASSORTED COLOUR,17291.57,10070,192,1.3961139896373056
GROW A FLYTRAP OR SUNFLOWER IN TIN,17226.2,15940,239,1.2353974895397488
LUNCH BAG CARS BLUE,17214.53,10789,966,1.6569600818833161
JUMBO BAG DOILEY PATTERNS,16737.1,8735,454,2.0462800875273524
COLOUR GLASS. STAR T-LIGHT HOLDER,16566.34,5654,221,3.450986547085202
SET/5 RED RETROSPOT LID GLASS BOWLS,16537.13,5871,763,2.953053040103493
PACK OF 72 RETROSPOT CAKE CASES,16381.88,33670,1029,0.5481809523809524
LUNCH BAG PINK POLKADOT,16303.3,10226,931,1.6517428267800212
HAND WARMER OWL DESIGN,16113.730000000001,8056,572,2.1128938356164384
ASSORTED COLOURS SILK FAN,16044.44,21876,324,0.8050153846153846
MINI PAINT SET VINTAGE ,16039.24,26076,325,0.656523076923077
RETROSPOT HEART HOT WATER BOTTLE,15827.18,3326,533,4.958964879852126
LUNCH BAG SPACEBOY DESIGN ,15820.15,9875,988,1.6557603222557904
JUMBO BAG WOODLAND ANIMALS,15511.6,8187,492,2.0361971830985914
HOME BUILDING BLOCK WORD,15504.51,2633,691,6.018143884892086
HAND OVER THE CHOCOLATE   SIGN ,15484.51,8138,590,2.1021452702702703
HOT WATER BOTTLE TEA AND SYMPATHY,15386.07,3729,514,4.213062015503876
LUNCH BAG SUKI DESIGN ,15332.9,9570,899,1.6533224043715846
JUMBO BAG SPACEBOY DESIGN,15320.75,8231,477,2.036376811594203
EDWARDIAN PARASOL BLACK,15218.67,2779,291,5.8937113402061865
ANTIQUE SILVER T-LIGHT GLASS,15176.42,12949,534,1.2427746741154562
6 RIBBONS RUSTIC CHARM,14969.84,8594,726,1.7792577597840753
PINK REGENCY TEACUP AND SAUCER,14663.29,5307,556,2.9347584973166367
IVORY KITCHEN SCALES,14638.73,1765,620,8.585887096774194
JUMBO BAG SCANDINAVIAN BLUE PAISLEY,14626.73,7754,451,2.0591832229580573
WOOD 2 DRAWER CABINET WHITE FINISH,14573.720000000001,2324,509,6.7284375
LUNCH BAG WOODLAND,14497.51,9091,820,1.6593862815884475
SET OF 4 PANTRY JELLY MOULDS,14151.42,11769,866,1.2570034052213395
SMALL POPCORN HOLDER,13789.369999999999,18241,403,0.8327518427518428
CHILDRENS CUTLERY POLKADOT PINK,13788.300000000001,3528,323,4.172576687116565
HOT WATER BOTTLE I AM SO POORLY,13685.130000000001,2939,505,4.8586390532544375
WORLD WAR 2 GLIDERS ASSTD DESIGNS,13558.41,54319,472,0.2926059322033898
DOORMAT ENGLISH ROSE ,13447.1,1972,356,7.776011235955057
PAPER CHAIN KIT EMPIRE,13411.550000000001,4885,374,2.9068421052631583
RED WOOLLY HOTTIE WHITE HEART.,13311.26,3676,321,4.054829721362229
BREAD BIN DINER STYLE IVORY,13131.89,847,341,16.527947214076246
BOX OF VINTAGE ALPHABET BLOCKS,13035.66,1295,231,11.122554112554113
JUMBO BAG PEARS,13034.92,6729,470,2.0720718816067656
SET/4 WHITE RETRO STORAGE CUBES ,13007.150000000001,357,106,38.86509433962265
SET OF 10 LED DOLLY LIGHTS,12972.73,2192,351,6.147840909090909
VINTAGE CHRISTMAS BUNTING,12960.12,2748,359,4.951311475409836
LOVE HOT WATER BOTTLE,12954.75,2325,449,5.891176470588236
HOT BATHS METAL SIGN,12731.34,6367,385,2.081275510204082
HANGING HEART JAR T-LIGHT HOLDER,12650.97,10961,572,1.2278856152512998
SET 7 BABUSHKA NESTING BOXES,12639.79,1651,297,8.403545150501671
CLOTHES PEGS RETROSPOT PACK 24 ,12525.21,8405,639,1.5957165109034268
GARDENERS KNEELING PAD KEEP CALM ,12463.78,7722,756,1.6639238845144355
MEMO BOARD RETROSPOT  DESIGN,12411.02,2786,348,4.937327586206897
BLACK HEART CARD HOLDER,12257.95,4843,166,3.7978915662650605
RED RETROSPOT MINI CASES,12208.85,1711,365,7.748907103825136
HAND WARMER SCOTTY DOG DESIGN,12204.660000000002,6097,471,2.088904958677686
3 HOOK PHOTO SHELF ANTIQUE WHITE,12160.08,1706,304,8.364671052631579
GREY HEART HOT WATER BOTTLE,12148.9,3145,511,4.03241054613936
PLASTERS IN TIN SPACEBOY,12138.6,7656,579,1.6571672354948803
CHRISTMAS LIGHTS 10 REINDEER,12133.0,1570,253,8.447233201581028
ASSORTED COLOUR MINI CASES,12107.51,1717,365,7.790109289617486
HAND WARMER BIRD DESIGN,12064.630000000001,5993,474,2.1101871101871104
DOORMAT SPOTTY HOME SWEET HOME,12055.32,1657,405,7.963530864197531
LUNCH BAG ALPHABET DESIGN,11994.41,7533,647,1.652969696969697
PAPER CHAIN KIT RETROSPOT,11935.310000000001,4265,444,2.9541348314606743
RECYCLING BAG RETROSPOT ,11913.03,6074,407,2.125110024449878
DOTCOM POSTAGE,11906.36,16,16,744.1475
RED KITCHEN SCALES,11836.23,1469,448,8.441473214285715
FELTCRAFT CUSHION OWL,11756.8,3277,417,3.786205250596659
FELTCRAFT DOLL MOLLY,11748.24,4464,293,2.9673220338983053
PINK HAPPY BIRTHDAY BUNTING,11666.35,2283,359,5.412222222222223
PLASTERS IN TIN WOODLAND ANIMALS,11620.93,7297,587,1.6501344537815126
PINK BLUE FELT CRAFT TRINKET BOX,11619.39,10217,457,1.2698047722342733
DOUGHNUT LIP GLOSS ,11615.7,9642,308,1.241818181818182
PACK OF 60 PINK PAISLEY CAKE CASES,11611.0,24230,669,0.5514201183431954
REGENCY SUGAR BOWL GREEN,11567.24,2954,268,4.126641791044777
WOODEN ROUNDERS GARDEN SET ,11561.34,1265,303,9.77453947368421
FELTCRAFT 6 FLOWER FRIENDS,11549.59,5882,461,2.103468950749465
DOORMAT WELCOME PUPPIES,11536.25,2027,252,7.909246031746032
IVORY DINER WALL CLOCK,11527.7,1419,391,8.461167512690356
ENAMEL FLOWER JUG CREAM,11421.130000000001,1991,441,5.9109909909909915
LOVE BUILDING BLOCK WORD,11398.710000000001,1923,555,6.018232142857143
WOOD S/3 CABINET ANT WHITE FINISH,11343.199999999999,1364,373,8.564933333333332
RED DINER WALL CLOCK,11048.89,1349,416,8.49733173076923
STRAWBERRY CERAMIC TRINKET BOX,10883.02,9318,507,1.2443639921722114
JUMBO STORAGE BAG SKULLS,10865.83,5694,471,2.027384937238494
PICNIC BASKET WICKER LARGE,10799.0,1192,257,9.778482490272372
FELTCRAFT CUSHION RABBIT,10672.31,3012,324,3.7371253822629966
METAL SIGN TAKE IT OR LEAVE IT ,10638.45,3687,351,2.9645070422535214
VINTAGE SNAP CARDS,10441.47,13329,722,0.8515458276333789
TEA TIME PARTY BUNTING,10430.400000000001,2288,313,4.860191082802548
RED RETROSPOT PICNIC BAG,10365.76,3756,385,2.949378238341969
LUNCH BAG VINTAGE DOILY ,10347.66,6438,538,1.6497814207650272
LUNCH BAG DOLLY GIRL DESIGN,10330.99,6527,598,1.656006600660066
LUNCH BAG DOILEY PATTERN ,10323.05,6477,464,1.642291220556745
ALARM CLOCK BAKELIKE IVORY,10259.36,2721,468,3.7555531914893616
PAPER BUNTING WHITE LACE,10243.4,3772,257,2.8797709923664123
RED RETROSPOT UMBRELLA,10217.720000000001,1841,303,6.093861386138614
WHITE SKULL HOT WATER BOTTLE ,10215.47,2699,378,4.0185051546391755
BAKING SET SPACEBOY DESIGN,10210.89,2153,424,5.038665105386418
REGENCY TEA PLATE ROSES ,10170.99,6563,328,1.657560975609756
CLASSIC METAL BIRDCAGE PLANT HOLDER,10123.16,925,260,12.18528735632184
RED RETROSPOT CHARLOTTE BAG,10122.45,12805,739,0.8493048128342245
BLUE HAPPY BIRTHDAY BUNTING,10096.62,1948,355,5.468084507042254
SOLDIERS EGG CUP ,10070.22,8757,327,1.2576060606060606
TRADITIONAL WOODEN SKIPPING ROPE,9998.32,7904,340,1.3939884393063584
LUNCH BAG VINTAGE LEAF DESIGN,9950.35,6191,597,1.6450331125827813
GARDENERS KNEELING PAD CUP OF TEA ,9933.69,6285,635,1.665467289719626
WOODEN UNION JACK BUNTING,9928.83,1734,296,5.945016722408027
CHILDRENS CUTLERY POLKADOT BLUE,9827.25,2523,211,4.119668246445499
DOORMAT BLACK FLOCK ,9797.75,1784,173,7.738554913294798
JUMBO BAG VINTAGE CHRISTMAS ,9742.1,4905,385,2.0784223918575067
SET/20 RED RETROSPOT PAPER NAPKINS ,9649.99,12305,732,0.8390080428954423
ICE CREAM SUNDAE LIP GLOSS,9638.16,7896,248,1.2449193548387096
FELTCRAFT CUSHION BUTTERFLY,9632.98,2692,294,3.7369932432432433
DOORMAT HOME SWEET HOME BLUE ,9619.99,1595,261,7.8720610687022905
CHILDRENS CUTLERY RETROSPOT RED ,9603.68,2492,229,4.149827586206897
BREAD BIN DINER STYLE RED ,9597.31,626,249,16.34538152610442
PLASTERS IN TIN CIRCUS PARADE ,9588.71,5947,521,1.6582732447817836
LONDON BUS COFFEE MUG,9582.15,4213,276,2.4917266187050355
NO SINGING METAL SIGN,9571.5,4635,384,2.082790697674419
COLOUR GLASS T-LIGHT HOLDER HANGING,9566.51,15563,529,0.648377358490566
WOODEN CROQUET GARDEN SET,9555.98,709,240,14.353443983402489
HAND WARMER UNION JACK,9516.960000000001,4730,441,2.0825714285714287
DOORMAT WELCOME TO OUR HOME,9451.58,1376,338,7.915147928994084
PLASTERS IN TIN STRONGMAN,9444.14,5874,449,1.6487719298245613
SET/3 RED GINGHAM ROSE STORAGE BOX,9401.82,2698,319,3.694423676012461
15CM CHRISTMAS GLASS BALL 20 LIGHTS,9374.7,1266,214,7.769444444444445
KNITTED UNION FLAG HOT WATER BOTTLE,9313.17,2465,319,4.000835913312693
TRADITIONAL KNITTING NANCY,9294.57,5893,509,1.6412909441233139
TRADITIONAL MODELLING CLAY,9281.47,7990,336,1.272857142857143
PHOTO FRAME CORNICE,9277.28,3176,454,2.955098468271335
ANTIQUE SILVER TEA GLASS ENGRAVED,9271.84,8219,278,1.2456890459363958
SET OF 4 KNICK KNACK TINS DOILY ,9237.3,2286,312,4.137421383647799
BLUE HARMONICA IN BOX ,9218.88,7431,517,1.2808778625954198
FAWN BLUE HOT WATER BOTTLE,9196.050000000001,2919,379,3.3612041884816755
REGENCY TEA PLATE GREEN ,9184.9,5966,270,1.6725830258302583
PANTRY ROLLING PIN,9180.53,2406,197,3.752284263959391
RED RETROSPOT ROUND CAKE TINS,9178.3,974,257,9.860505836575873
WOODEN SCHOOL COLOURING SET,9064.62,5690,395,1.6562376237623762
EDWARDIAN PARASOL RED,9055.87,1630,270,5.920369003690038
REGENCY MILK JUG PINK ,8995.0,3062,272,3.1948529411764706
REVOLVER WOODEN RULER ,8944.439999999999,4914,285,1.9620819112627985
3 TIER CAKE TIN RED AND CREAM,8737.78,652,136,14.75470588235294
STRAWBERRY LUNCH BOX WITH CUTLERY,8721.89,3711,426,2.5574133949191684
LADIES & GENTLEMEN METAL SIGN,8696.58,3898,367,2.5139673913043477
SET OF 20 KIDS COOKIE CUTTERS,8676.27,4139,416,2.1499522673031026
PINK CREAM FELT CRAFT TRINKET BOX ,8617.24,7106,535,1.2748613678373384
GINGERBREAD MAN COOKIE CUTTER,8615.13,7196,554,1.2614159292035398
60 TEATIME FAIRY CAKE CASES,8604.619999999999,17664,657,0.5481696428571429
SET OF 6 SOLDIER SKITTLES,8571.25,2290,339,3.869649122807018
AREA PATROLLED METAL SIGN,8548.02,4288,374,2.109095744680851
HAND WARMER RED RETROSPOT,8513.52,4268,341,2.0874425287356324
VINTAGE DOILY JUMBO BAG RED ,8508.220000000001,4434,234,2.0663713080168775
VINTAGE HEADS AND TAILS CARD GAME ,8500.16,7118,485,1.271002044989775
JUMBO BAG PAISLEY PARK,8498.04,4358,302,2.059223300970874
ENAMEL BREAD BIN CREAM,8493.5,711,326,12.658220858895705
"RECORD FRAME 7"" SINGLE SIZE ",8450.82,3812,196,2.492964824120603
FAMILY ALBUM WHITE PICTURE FRAME,8408.14,1074,286,8.388251748251749
SWEETHEART CAKESTAND 3 TIER,8366.65,891,326,9.83435582822086
POTTERING IN THE SHED METAL SIGN,8364.640000000001,3922,371,2.07
BOX OF 6 MINI VINTAGE CRACKERS,8345.43,3645,329,2.456955223880597
"SET 3 RETROSPOT TEA,COFFEE,SUGAR",8330.12,1836,241,4.8976734693877555
SET 2 PANTRY DESIGN TEA TOWELS,8310.17,2693,311,3.2294637223974765
FELTCRAFT BUTTERFLY HEARTS,8308.75,6123,436,1.464311111111111
T-LIGHT GLASS FLUTED ANTIQUE,8288.89,7264,260,1.23360153256705
SET OF 3 NOTEBOOKS IN PARCEL,8267.25,5197,319,1.688532110091743
MULTI COLOUR SILVER T-LIGHT HOLDER,8259.25,10267,306,0.8538585209003215
BOX OF 6 MINI 50'S CRACKERS,8169.4800000000005,3520,365,2.463619302949062
HANGING JAM JAR T-LIGHT HOLDER,8164.12,10528,310,0.8286816720257234
LARGE WHITE HEART OF WICKER,8137.500000000001,2892,511,2.947562862669246
VINTAGE RED KITCHEN CABINET,8125.0,60,38,143.42105263157896
SET 6 PAPER TABLE LANTERN HEARTS ,8110.68,2260,263,3.722639405204461
ICE CREAM PEN LIP GLOSS ,8077.31,6607,213,1.2450704225352112
DOORMAT MULTICOLOUR STRIPE,8045.2699999999995,1418,141,7.6978723404255325
SET OF 6 RIBBONS VINTAGE CHRISTMAS,8040.27,2839,329,2.89165191740413
FELTCRAFT PRINCESS CHARLOTTE DOLL,8022.76,2210,401,3.7540686274509807
3 HEARTS HANGING DECORATION RUSTIC,8013.71,2845,261,2.9765648854961833
ALARM CLOCK BAKELIKE ORANGE,7984.38,2179,359,3.7664285714285715
CHILDRENS CUTLERY SPACEBOY ,7966.08,1980,316,4.1516875
SET OF 72 RETROSPOT PAPER  DOILIES,7943.0199999999995,5677,365,1.463013698630137
RED METAL BOX TOP SECRET,7920.78,998,221,8.358977777777778
RECIPE BOX RETROSPOT ,7896.85,2851,441,2.9214285714285717
SET/10 RED POLKADOT PARTY CANDLES,7794.18,6498,336,1.2466470588235294
TRAVEL SEWING KIT,7779.11,4859,394,1.6593702770780856
GRAND CHOCOLATECANDLE,7758.95,5783,249,1.4284
PICNIC BASKET WICKER SMALL,7728.85,1424,232,5.809188034188034
SET OF 3 HEART COOKIE CUTTERS,7719.34,6001,521,1.3282954545454546
JUMBO BAG TOYS ,7689.28,4198,245,2.01331983805668
FELTCRAFT CHRISTMAS FAIRY,7658.93,1881,302,4.353571428571429
FAMILY PHOTO FRAME CORNICE,7636.889999999999,836,233,9.909401709401708
ZINC FOLKART SLEIGH BELLS,7631.31,4627,339,1.7356976744186043
HAND WARMER RED LOVE HEART,7574.1,3721,371,2.0941709844559586
BLUE DINER WALL CLOCK,7528.93,907,338,8.483816568047338
SET 6 SCHOOL MILK BOTTLES IN CRATE,7495.29,2063,281,3.7212280701754383
PAINTED METAL PEARS ASSORTED,7454.22,4454,352,1.6926536312849163
60 CAKE CASES VINTAGE CHRISTMAS,7405.2,14712,466,0.5424008350730689
SMALL GLASS HEART TRINKET POT,7399.960000000001,3664,342,2.093615160349854
PLASTERS IN TIN VINTAGE PAISLEY ,7331.84,4564,480,1.6786298568507156
OPEN CLOSED METAL SIGN,7296.51,1574,341,4.944181286549708
WOODLAND CHARLOTTE BAG,7261.94,9219,531,0.8454089219330855
PACK OF 12 LONDON TISSUES ,7261.7699999999995,25329,382,0.32581632653061227
CHOCOLATE THIS WAY METAL SIGN,7204.320000000001,3633,374,2.140395778364116
WOODEN BOX OF DOMINOES,7200.95,5766,449,1.2802603036876357
 SET 2 TEA TOWELS I LOVE LONDON ,7190.95,2621,192,3.0300507614213203
SILVER HANGING T-LIGHT HOLDER,7173.45,4653,250,1.6325396825396825
PACK OF 6 BIRDY GIFT TAGS,7135.95,6051,319,1.259093655589124
SET OF 4 KNICK KNACK TINS DOILEY ,7132.7,1802,172,4.1248571428571426
CREAM CUPID HEARTS COAT HANGER,7121.2300000000005,1917,241,3.8149382716049387
SET OF 4 KNICK KNACK TINS LONDON ,7116.65,1775,233,4.133122362869199
CHARLOTTE BAG SUKI DESIGN,7114.85,8947,585,0.8513220338983051
CHRISTMAS CRAFT LITTLE FRIENDS,7109.2,3459,421,2.148
ZINC METAL HEART DECORATION,7099.93,5750,476,1.255514403292181
FELTCRAFT PRINCESS LOLA DOLL,7095.69,1945,378,3.7669291338582678
SWEETHEART RECIPE BOOK STAND,7077.900000000001,1098,287,6.686551724137931
RED SPOTTY BISCUIT TIN,7071.2,2058,203,3.755631067961165
 SPACEBOY BABY GIFT SET,7048.549999999999,449,142,16.513380281690143
FUNKY DIVA PEN,7010.94,8328,155,0.8541935483870968
36 DOILIES VINTAGE CHRISTMAS,7004.8,5152,160,1.4362499999999998
RAIN PONCHO RETROSPOT,6962.08,8752,180,0.8634054054054053
JINGLE BELL HEART ANTIQUE SILVER,6955.8,3544,197,2.14015
TRIPLE PHOTO FRAME CORNICE ,6932.83,761,208,9.849230769230768
GIANT 50'S CHRISTMAS CRACKER,6907.52,2628,310,2.658634920634921
SWEETHEART CERAMIC TRINKET BOX,6864.610000000001,5748,381,1.2735248041775458
PACK OF 72 SKULL CAKE CASES,6855.46,14302,499,0.5405742574257426
GIRAFFE WOODEN RULER,6816.84,3708,234,2.0506694560669456
NATURAL SLATE CHALKBOARD LARGE ,6813.400000000001,1448,303,4.887828947368422
HANGING HEART ZINC T-LIGHT HOLDER,6808.49,8444,412,0.8687864077669902
SET/2 RED RETROSPOT TEA TOWELS ,6807.01,2315,219,3.2909049773755656
CLEAR DRAWER KNOB ACRYLIC EDWARDIAN,6803.17,5657,321,1.2447400611620794
SMALL WHITE HEART OF WICKER,6798.1,4262,582,1.6436241610738254
WHITE WOOD GARDEN PLANT LADDER,6768.86,723,379,9.769815303430079
VINTAGE CREAM DOG FOOD CONTAINER,6753.85,823,292,8.53778156996587
RETROSPOT PARTY BAG + STICKER SET,6745.929999999999,4389,267,1.634
YOU'RE CONFUSING ME METAL SIGN ,6743.9800000000005,4270,342,1.6720689655172414
VINTAGE DOILY TRAVEL SEWING KIT,6736.2,3516,349,1.9483240223463687
SET 6 PAPER TABLE LANTERN STARS ,6735.88,1859,209,3.761132075471698
RED FLORAL FELTCRAFT SHOULDER BAG,6726.81,1874,257,3.8198054474708174
SET OF 3 BUTTERFLY COOKIE CUTTERS,6711.0,5287,498,1.3282306163021869
LUNCH BOX WITH CUTLERY RETROSPOT ,6705.04,2848,324,2.554723926380368
HOME SWEET HOME MUG,6698.56,5340,293,1.4184353741496598
DOORMAT 3 SMILEY CATS,6690.8,1104,174,7.788914285714285
CARRIAGE,6686.0,134,133,50.13533834586466
SET 40 HEART SHAPE PETIT FOUR CASES,6677.0,4260,140,1.6359154929577464
CHILDS BREAKFAST SET SPACEBOY ,6652.0,728,203,9.70951219512195
DOORMAT UNION JACK GUNS AND ROSES,6619.41,1157,155,7.755064102564102
CHILDRENS CUTLERY POLKADOT GREEN ,6599.06,1688,166,4.1891566265060245
ROUND CAKE TIN VINTAGE RED,6576.88,888,250,7.92104
HEART FILIGREE DOVE  SMALL,6574.82,5362,246,1.245511811023622
MINT KITCHEN SCALES,6574.29,789,304,8.470526315789474
ROSE COTTAGE KEEPSAKE BOX ,6565.0,728,144,9.718402777777776
CHILDRENS APRON SPACEBOY DESIGN,6560.79,3537,448,1.9843680709534366
ALARM CLOCK BAKELIKE CHOCOLATE,6559.26,1772,322,3.8015384615384615
DOLLY GIRL BABY GIFT SET,6534.049999999999,419,120,16.416666666666668
CHILDRENS CUTLERY DOLLY GIRL ,6525.55,1621,268,4.142592592592592
SET OF 20 VINTAGE CHRISTMAS NAPKINS,6520.91,8111,489,0.8453585657370518
PLASTERS IN TIN SKULLS,6461.25,4009,439,1.6464365256124722
SET OF 12 FAIRY CAKE BAKING CASES,6457.0,8228,465,0.8238758029978587
LARGE ZINC HEART WALL ORGANISER,6414.48,1064,37,7.6710810810810806
VICTORIAN SEWING BOX SMALL ,6402.360000000001,1123,237,5.927257383966245
BEWARE OF THE CAT METAL SIGN ,6401.93,4025,359,1.6722465753424658
PICTURE FRAME WOOD TRIPLE PORTRAIT,6378.150000000001,1023,225,6.747155555555555
BLACK/BLUE POLKADOT UMBRELLA,6361.990000000001,1132,256,6.0967578125
SET/10 PINK POLKADOT PARTY CANDLES,6346.08,5251,304,1.2514516129032258
PIGGY BANK RETROSPOT ,6298.37,2615,262,2.528091603053435
MEMO BOARD COTTAGE DESIGN,6286.39,1361,262,4.924393939393939
METAL 4 HOOK HANGER FRENCH CHATEAU,6267.39,2149,337,3.067294117647059
72 SWEETHEART FAIRY CAKE CASES,6252.349999999999,13029,501,0.556116504854369
LANDMARK FRAME CAMDEN TOWN ,6244.85,557,62,12.375
BLUE STRIPE CERAMIC DRAWER KNOB,6239.4,4936,351,1.3255710306406685
TOY TIDY PINK POLKADOT,6225.38,3167,289,2.124505119453925
RETROSPOT LARGE MILK JUG,6217.650000000001,1307,310,4.882475884244373
LOVE SEAT ANTIQUE WHITE METAL,6210.0,58,41,114.02439024390245
RED STRIPE CERAMIC DRAWER KNOB,6177.53,5001,333,1.305029761904762
BOX OF 6 CHRISTMAS CAKE DECORATIONS,6155.04,1712,163,3.710731707317073
SAVE THE PLANET MUG,6150.13,5264,270,1.3753284671532846
VINTAGE DONKEY TAIL GAME ,6146.89,1750,215,3.786511627906977
3 DRAWER ANTIQUE WHITE WOOD CABINET,6124.13,707,186,8.914064171122995
MINI LIGHTS WOODLAND MUSHROOMS,6118.59,1717,173,3.726477272727273
HAND WARMER BABUSHKA DESIGN,6118.43,4604,288,1.8825255972696247
CIRCUS PARADE LUNCH BOX ,6114.83,3371,256,1.93988416988417
COFFEE MUG APPLES DESIGN,6108.85,2764,229,2.5190434782608695
WALL ART CLASSIC PUDDINGS ,6093.49,821,118,8.114915254237287
LARGE CIRCULAR MIRROR MOBILE,6092.049999999999,6809,118,1.1155737704918032
JINGLE BELL HEART DECORATION,6055.95,3679,307,1.6481132075471698
CHILDS BREAKFAST SET DOLLY GIRL ,6053.05,656,180,9.789779005524862
AGED GLASS SILVER T-LIGHT HOLDER,6052.0,10040,277,0.6393992932862191
TEA TIME TEA TOWELS ,6045.0,2600,2,2.325
JUMBO BAG DOLLY GIRL DESIGN,6006.33,3096,317,2.0553312302839117
SET OF 60 PANTRY DESIGN CAKE CASES ,5974.389999999999,11661,504,0.5563178294573643
BROCADE RING PURSE ,5969.61,22927,206,0.3202403846153846
DELUXE SEWING KIT ,5968.67,1057,222,6.071434977578476
4 TRADITIONAL SPINNING TOPS,5952.83,4486,364,1.4299191374663074
CHRISTMAS LIGHTS 10 VINTAGE BAUBLES,5939.280000000001,1274,159,4.97062893081761
SET 3 WICKER OVAL BASKETS W LIDS,5922.12,462,32,13.858125
DOORSTOP RETROSPOT HEART,5919.46,1511,236,3.838093220338983
PACK OF 60 DINOSAUR CAKE CASES,5919.28,12106,529,0.5587661141804788
PLACE SETTING WHITE HEART,5912.19,14853,289,0.42983108108108103
WOODEN HAPPY BIRTHDAY GARLAND,5901.3,2090,232,2.9746551724137933
RED RETROSPOT PEG BAG,5874.95,2458,354,2.520891364902507
SET 2 TEA TOWELS I LOVE LONDON ,5839.75,1947,176,3.2240331491712704
SET OF 2 TEA TOWELS APPLE AND PEARS,5839.59,1975,238,3.1868333333333334
CHARLOTTE BAG PINK POLKADOT,5838.09,7303,487,0.8615789473684211
PINK FAIRY CAKE CHILDRENS APRON,5815.5599999999995,3140,397,1.9740806045340051
RED RETROSPOT SMALL MILK JUG,5804.7,2450,310,2.5341853035143767
REGENCY TEA PLATE PINK,5793.28,3688,224,1.6405357142857142
PANTRY WASHING UP BRUSH,5785.71,3913,304,1.4965686274509804
CHICK GREY HOT WATER BOTTLE,5770.27,1545,282,3.9038888888888885
WOODEN OWLS LIGHT GARLAND ,5768.6,1532,147,4.18261744966443
BISCUIT TIN 50'S CHRISTMAS,5760.52,2048,271,2.9715498154981552
CANDLEHOLDER PINK HANGING HEART,5739.33,2035,343,2.941034482758621
ENGLISH ROSE HOT WATER BOTTLE,5729.66,1414,277,4.272078853046596
BOTANICAL GARDENS WALL CLOCK ,5719.0,259,80,24.16
BINGO SET,5718.21,1551,280,3.83375
PANTRY CHOPPING BOARD,5695.860000000001,1138,43,4.92
WHITE METAL LANTERN,5694.28,1586,238,3.7156326530612245
SOMBRERO ,5691.5,4402,59,1.8076271186440676
SET OF 6 TEA TIME BAKING CASES,5684.650000000001,4877,319,1.2395975232198142
LANTERN CREAM GAZEBO ,5676.87,1205,259,4.981178707224334
UNION STRIPE WITH FRINGE  HAMMOCK,5674.14,758,167,7.950238095238096
SINGLE HEART ZINC T-LIGHT HOLDER,5663.53,5699,336,1.0274777448071217
SET OF 2 WOODEN MARKET CRATES,5652.9,462,165,12.629999999999999
DOORMAT TOPIARY,5644.46,880,182,7.966775956284153
CHARLOTTE BAG APPLES DESIGN,5632.15,7039,425,0.8429976580796252
QUEENS GUARD COFFEE MUG,5603.570000000001,2365,233,2.5219574468085106
RETROSPOT CHILDRENS APRON,5585.92,3038,292,2.000853242320819
WHITE SPOT RED CERAMIC DRAWER KNOB,5578.14,4534,307,1.2922508038585208
SET OF 72 PINK HEART PAPER DOILIES,5565.23,3953,307,1.4693181818181817
VINTAGE CHRISTMAS STOCKING ,5564.25,2199,281,2.545246478873239
RED 3 PIECE RETROSPOT CUTLERY SET,5555.13,1543,97,3.7940816326530613
VINTAGE CHRISTMAS GIFT SACK,5523.0,1364,193,4.139847715736041
STRAWBERRY CHARLOTTE BAG,5516.7,6842,492,0.8602217741935484
VINTAGE SNAKES & LADDERS,5508.53,1571,268,3.8400373134328363
SET/6 RED SPOTTY PAPER PLATES,5496.53,7351,325,0.8289634146341462
POLKADOT PEN,5475.25,6625,107,0.8451401869158878
3 STRIPEY MICE FELTCRAFT,5460.5,2914,402,1.9642857142857142
FELTCRAFT PRINCESS OLIVIA DOLL,5434.85,1511,251,3.7944268774703556
PINK BABY BUNTING,5415.66,1954,204,2.974313725490196
RUSTIC  SEVENTEEN DRAWER SIDEBOARD,5415.0,35,26,158.07692307692307
PARISIENNE JEWELLERY DRAWER ,5399.02,765,225,7.4600888888888885
SMALL ZINC HEART WALL ORGANISER,5378.8,1538,42,5.191190476190476
PHOTO FRAME 3 CLASSIC HANGING,5357.549999999999,552,212,9.895794392523364
CLASSIC GLASS COOKIE JAR,5350.2,1332,248,4.114658634538153
WOODEN ADVENT CALENDAR CREAM,5323.05,369,89,16.319444444444443
WALL ART BIG LOVE ,5319.36,960,97,6.744897959183674
LUNCH BAG PAISLEY PARK  ,5251.25,3305,298,1.6447540983606557
DOG BOWL CHASING BALL DESIGN,5220.429999999999,1339,114,3.762434782608696
10 COLOUR SPACEBOY PEN,5209.17,6267,242,0.8724691358024691
BUNDLE OF 3 ALPHABET EXERCISE BOOKS,5197.17,3269,312,1.6541509433962263
LARGE IVORY HEART WALL ORGANISER,5142.91,759,134,7.992164179104478
SET OF 5 LUCKY CAT MAGNETS ,5117.32,2536,187,2.167593582887701
RED RETROSPOT SHOPPER BAG,5106.56,4257,384,1.2659948320413437
CERAMIC CAKE STAND + HANGING CAKES,5074.83,561,152,9.757499999999999
CALENDAR PAPER CUT DESIGN,5060.84,1764,234,2.977510548523207
WOODEN ADVENT CALENDAR RED,5047.6,536,104,10.323076923076922
SET OF 6 NATIVITY MAGNETS ,5031.55,2530,145,2.150794701986755
TREASURE ISLAND BOOK BOX,5029.8,2428,214,2.241705069124424
3 PIECE SPACEBOY COOKIE CUTTER SET,5026.240000000001,2510,296,2.134046822742475
BOX OF VINTAGE JIGSAW BLOCKS ,5019.67,918,219,5.82972602739726
LIGHT GARLAND BUTTERFILES PINK,5018.84,1340,130,4.1843939393939396
RED SPOT CERAMIC DRAWER KNOB,5018.65,4061,279,1.2883214285714286
CHRISTMAS CRAFT TREE TOP ANGEL,5015.08,2443,348,2.1466197183098594
VICTORIAN SEWING BOX LARGE,5014.23,425,106,12.952358490566038
PINK 3 PIECE POLKADOT CUTLERY SET,5010.400000000001,1392,101,3.803861386138614
SMALL IVORY HEART WALL ORGANISER,4989.08,1008,141,5.735531914893618
FULL ENGLISH BREAKFAST PLATE,4985.55,1381,158,3.837515527950311
RED RETROSPOT BOWL,4980.7300000000005,4310,298,1.2437123745819398
PACK OF 6 PANNETONE GIFT BOXES,4975.030000000001,2012,139,2.5715714285714286
BLUE SPOT CERAMIC DRAWER KNOB,4971.22,3962,289,1.2992758620689655
RED RETROSPOT MUG,4969.150000000001,1813,134,2.9025925925925926
HEART IVORY TRELLIS LARGE,4962.43,3039,270,1.6588888888888889
COFFEE MUG PEARS  DESIGN,4957.3,2287,190,2.5197905759162302
PACK OF 20 NAPKINS PANTRY DESIGN,4954.42,6088,533,0.8506498194945848
WHITE SPOT BLUE CERAMIC DRAWER KNOB,4929.95,3971,276,1.2998924731182797
3 TIER CAKE TIN GREEN AND CREAM,4924.66,362,136,14.93992700729927
SET OF 4 JAM JAR MAGNETS,4922.01,2441,214,2.0809589041095893
ENAMEL MEASURING JUG CREAM,4916.04,1184,315,4.259589905362776
LANDMARK FRAME COVENT GARDEN ,4912.05,435,52,12.38076923076923
BUBBLEGUM RING ASSORTED,4894.83,11891,213,0.4292523364485981
DOORMAT AIRMAIL ,4887.82,722,156,7.803141025641025
SET 3 PAPER VINTAGE CHICK PAPER EGG,4872.3,1746,196,2.92979797979798
"ASSORTED FLOWER COLOUR ""LEIS""",4871.45,10297,103,0.61873786407767
DOORMAT RESPECTABLE HOUSE,4865.19,729,126,7.862063492063492
RED RETROSPOT PLATE ,4855.91,3071,222,1.6737837837837837
WALL ART KEEP CALM ,4853.5,958,74,7.835921052631579
HOME SWEET HOME METAL SIGN ,4844.72,1712,246,2.938145161290323
WELCOME  WOODEN BLOCK LETTERS,4826.67,502,167,9.865329341317365
GINGHAM HEART DECORATION,4817.33,5951,331,0.86
PACK OF SIX LED TEA LIGHTS,4808.55,1715,174,2.913728813559322
FELTCRAFT GIRL AMELIE KIT,4799.38,982,255,5.022217898832685
SET/10 BLUE POLKADOT PARTY CANDLES,4793.34,3966,227,1.2475
SET OF 3 WOODEN HEART DECORATIONS,4791.58,3717,389,1.3180143540669855
HANGING METAL HEART LANTERN,4789.71,3179,277,1.5950179211469533
REGENCY TEA STRAINER,4789.24,1362,142,3.7471830985915493
ADVENT CALENDAR GINGHAM SACK,4775.780000000001,834,166,6.0849397590361445
I'M ON HOLIDAY METAL SIGN,4757.35,2292,329,2.1131515151515154
CERAMIC STRAWBERRY CAKE MONEY BANK,4745.3099999999995,3919,279,1.3881560283687941
LANDMARK FRAME OXFORD STREET,4730.65,419,54,12.385185185185184
LANDMARK FRAME NOTTING HILL ,4730.65,419,48,12.405102040816328
FRYING PAN UNION FLAG,4727.11,1199,113,4.4386725663716815
HEART IVORY TRELLIS SMALL,4706.28,3856,221,1.257345132743363
FELTCRAFT DOLL ROSIE,4702.120000000001,1648,256,2.967519379844961
PARTY METAL SIGN ,4701.0199999999995,3330,371,1.487248677248677
RECYCLED ACAPULCO MAT TURQUOISE,4694.75,571,221,8.246380090497738
ANTIQUE GLASS DRESSING TABLE POT,4684.06,1642,188,2.9761702127659575
PAPER BUNTING COLOURED LACE,4683.1,1698,169,2.905555555555556
SET OF 12 MINI LOAF BAKING CASES,4670.63,5957,359,0.8245753424657534
CHILDS BREAKFAST SET CIRCUS PARADE,4656.3,565,182,8.425274725274726
BATH BUILDING BLOCK WORD,4644.53,778,242,6.03880658436214
TRAVEL CARD WALLET KEEP CALM,4641.32,11645,437,0.42781818181818176
VINTAGE CHRISTMAS TABLECLOTH,4638.52,391,104,12.439714285714286
NATURAL SLATE RECTANGLE CHALKBOARD,4635.26,2910,309,1.6542443729903538
LARGE CERAMIC TOP STORAGE JAR,4617.9,2950,220,1.6319819819819819
BREAD BIN DINER STYLE MINT,4612.66,302,118,16.26084745762712
SKULL LUNCH BOX WITH CUTLERY ,4609.5,1940,265,2.5299256505576206
LANDMARK FRAME LONDON BRIDGE ,4604.2,410,47,12.401063829787235
5 HOOK HANGER RED MAGIC TOADSTOOL,4595.099999999999,3054,108,1.6318181818181818
BREAD BIN DINER STYLE PINK,4581.4,301,111,16.20882882882883
BISCUIT TIN VINTAGE CHRISTMAS,4567.38,1632,232,2.926051502145923
SET OF 5 PANCAKE DAY MAGNETS,4562.7300000000005,2255,195,2.0822448979591837
FILIGRIS HEART WITH BUTTERFLY,4540.38,3778,174,1.2637569060773481
BLUE VINTAGE SPOT BEAKER,4528.29,4901,164,0.8464634146341463
TRADTIONAL ALPHABET STAMP SET,4497.3,926,174,4.9455056179775285
PINK PARTY BAGS,4481.62,2409,144,2.069109589041096
COFFEE MUG CAT + BIRD DESIGN,4478.34,2098,181,2.5197237569060773
WASHROOM METAL SIGN,4456.57,2918,292,1.4685472972972973
CIRCUS PARADE BABY GIFT SET,4444.75,285,89,16.47808988764045
HOT WATER BOTTLE BABUSHKA ,4437.35,983,133,4.620149253731343
STRAWBERRY   PICNIC BAG,4430.5,1590,206,2.9268115942028987
RED RETROSPOT BUTTER DISH,4414.8,936,211,4.903990610328639
HEART FILIGREE DOVE LARGE,4390.47,2719,212,1.6691627906976745
PINK VINTAGE SPOT BEAKER,4384.83,4679,132,0.8465909090909091
ABC TREASURE BOOK BOX ,4373.26,2088,186,2.2636898395721925
PINK HEART SHAPE EGG FRYING PAN,4370.78,3134,200,1.6407389162561576
SCANDINAVIAN PAISLEY PICNIC BAG,4357.06,2463,319,1.854953560371517
CUPCAKE LACE PAPER SET 6,4355.33,2321,170,1.9417441860465117
PANTRY MAGNETIC  SHOPPING LIST,4341.19,3063,374,1.4806544502617802
DOORMAT MERRY CHRISTMAS RED ,4340.44,614,112,8.764513274336283
SMALL CHINESE STYLE SCISSOR,4335.76,13328,54,0.4014814814814815
CHRISTMAS CRAFT WHITE FAIRY ,4334.94,3070,321,1.4966666666666666
RED RETROSPOT WRAP ,4310.24,10522,335,0.41802985074626864
WOODEN SKITTLES GARDEN SET,4304.849999999999,303,132,15.204135338345864
SET OF 3 HANGING OWLS OLLIE BEAK,4291.17,3613,270,1.2882374100719425
PINK VINTAGE PAISLEY PICNIC BAG,4289.26,2406,283,1.8455172413793102
CAMOUFLAGE LED TORCH,4278.12,2628,120,1.6816666666666664
VINYL RECORD FRAME SILVER,4275.22,1236,86,3.7028735632183905
GREEN VINTAGE SPOT BEAKER,4261.889999999999,4505,134,0.8485925925925926
SET3 BOOK BOX GREEN GINGHAM FLOWER ,4259.3,1098,182,4.180824175824176
PLAYING CARDS KEEP CALM & CARRY ON,4242.96,3432,327,1.24811377245509
EDWARDIAN PARASOL PINK,4242.26,767,135,5.941185185185185
PICTURE DOMINOES,4235.59,2991,244,1.5166666666666666
12 PENCILS SMALL TUBE SKULL,4230.55,6727,291,0.6483277591973244
LAUNDRY 15C METAL SIGN,4229.719999999999,2791,253,1.4927450980392156
36 PENCILS TUBE RED RETROSPOT,4227.26,3518,230,1.244217391304348
BLUE 3 PIECE POLKADOT CUTLERY SET,4213.34,1170,97,3.8011340206185564
WALL ART ONLY ONE PERSON ,4211.55,1031,73,4.749178082191781
VINTAGE CREAM CAT FOOD CONTAINER,4201.74,703,235,6.380550847457627
VINTAGE DOILY DELUXE SEWING KIT ,4194.900000000001,722,176,5.933050847457627
SMALL CERAMIC TOP STORAGE JAR ,4184.18,5666,177,0.8270652173913042
RIBBON REEL STRIPES DESIGN ,4154.33,2525,334,1.6825882352941175
SPACEBOY MINI BACKPACK,4134.5,1030,201,4.142118226600985
BLACK KITCHEN SCALES,4134.03,501,183,8.507267759562842
PACK OF 60 SPACEBOY CAKE CASES,4128.389999999999,8097,407,0.5528019323671498
HOME SWEET HOME BLACKBOARD,4108.58,969,136,4.863676470588236
CHRISTMAS LIGHTS 10 SANTAS ,4100.25,580,131,7.437786259541985
CHILDRENS APRON APPLES DESIGN,4097.45,2189,277,1.946774193548387
12 PENCILS SMALL TUBE RED RETROSPOT,4096.65,6393,307,0.6490353697749196
SET OF 36 TEATIME PAPER DOILIES,4075.7799999999997,2926,240,1.4633749999999999
FOOT STOOL HOME SWEET HOME ,4069.9,434,176,9.84772727272727
TREASURE TIN GYMKHANA DESIGN,4060.0,2005,284,2.0751916376306623
POTTERING MUG,4049.61,3541,197,1.3846464646464645
ANTIQUE SILVER TEA GLASS ETCHED,4016.75,3487,143,1.2224827586206897
CHARLOTTE BAG DOLLY GIRL DESIGN,4011.19,5065,343,0.8455043227665706
SET/6 RED SPOTTY PAPER CUPS,3999.09,6573,285,0.6589041095890411
PHOTO CUBE,3997.91,2667,169,1.728081395348837
CHILDREN'S APRON DOLLY GIRL ,3984.78,1981,259,2.1264367816091956
PINK FLORAL FELTCRAFT SHOULDER BAG,3979.88,1080,230,3.781038961038961
REGENCY SUGAR TONGS,3949.7000000000003,1714,134,2.4349253731343286
SET OF 3 CAKE TINS SKETCHBOOK,3942.82,908,246,4.831295546558704
HEART SHAPED HOLLY WREATH,3933.1800000000003,942,165,4.418727272727273
POPPY'S PLAYHOUSE KITCHEN,3916.91,1887,346,2.12621776504298
GUMBALL MAGAZINE RACK,3909.1400000000003,532,160,7.702687500000001
ROUND CAKE TIN VINTAGE GREEN,3887.53,515,199,7.958844221105528
ZINC T-LIGHT HOLDER STARS SMALL,3879.98,4894,237,0.8369747899159663
VINTAGE CHRISTMAS CAKE FRILL,3879.4500000000003,2453,122,1.645121951219512
ANTIQUE HEART SHELF UNIT,3879.15,267,68,16.44705882352941
LANDMARK FRAME BAKER STREET ,3867.85,347,29,12.39310344827586
PACK 3 BOXES BIRD PANNETONE ,3862.9999999999995,2088,140,2.012857142857143
BAG 250g SWIRLY MARBLES,3856.38,5004,197,0.8637878787878788
SET/6 PINK  BUTTERFLY T-LIGHTS,3856.0400000000004,2058,156,2.0712738853503185
LARGE CAKE STAND  HANGING STRAWBERY,3854.68,564,129,8.989844961240308
CHILDRENS CUTLERY CIRCUS PARADE,3852.44,962,143,4.164965034965035
PINK DRAWER KNOB ACRYLIC EDWARDIAN,3831.72,3269,170,1.2471345029239767
36 FOIL HEART CAKE CASES,3814.3700000000003,1998,170,2.0497109826589597
HOLIDAY FUN LUDO,3810.71,1102,176,3.83
METAL SIGN HER DINNER IS SERVED ,3802.5,1290,72,2.785416666666667
CHARLOTTE BAG VINTAGE ALPHABET ,3784.52,4750,323,0.8527999999999999
DOORMAT VINTAGE LEAF,3766.57,541,121,8.092231404958678
GLASS APOTHECARY BOTTLE PERFUME,3763.6400000000003,1014,198,3.8817000000000004
RECYCLED ACAPULCO MAT GREEN,3763.55,459,176,8.240909090909092
SET OF 36 DOILIES PANTRY DESIGN,3761.9199999999996,2653,195,1.454438775510204
PACK OF 12 TRADITIONAL CRAYONS,3754.4700000000003,9313,318,0.4321495327102804
BUFFALO BILL TREASURE BOOK BOX,3750.57,1847,137,2.265912408759124
RED RETROSPOT OVEN GLOVE ,3750.38,3186,262,1.2948689138576779
BULL DOG BOTTLE OPENER,3749.5,778,197,5.097939698492462
WALL ART STOP FOR TEA ,3748.1800000000003,688,153,5.909285714285714
PAINT YOUR OWN CANVAS SET,3737.28,2352,176,1.7007865168539327
60 CAKE CASES DOLLY GIRL DESIGN,3735.61,7211,354,0.5632033426183845
VICTORIAN SEWING BOX MEDIUM,3727.44,488,152,7.981633986928105
GIN AND TONIC MUG,3715.6099999999997,2845,194,1.3487113402061854
FELTCRAFT DOLL EMILY,3711.5000000000005,1294,231,2.988787878787879
SET OF 60 I LOVE LONDON CAKE CASES ,3697.7,7670,294,0.5688925081433225
ROLL WRAP 50'S CHRISTMAS,3694.02,3054,271,1.2438909090909092
SET OF 6 HERB TINS SKETCHBOOK,3686.1400000000003,1054,235,3.7472268907563024
VINTAGE BLUE KITCHEN CABINET,3685.0,26,20,146.75
WATERING CAN BLUE ELEPHANT,3682.7499999999995,1979,275,1.970649819494585
PARISIENNE KEY CABINET ,3673.7,662,219,5.713636363636364
POPPY'S PLAYHOUSE BEDROOM ,3673.15,1780,316,2.1152201257861636
VINTAGE CREAM 3 BASKET CAKE STAND,3667.23,385,135,9.885111111111112
CHRISTMAS TOILET ROLL,3665.05,3164,163,1.3046285714285715
PANTRY SCRUBBING BRUSH,3656.94,2286,242,1.674590163934426
TRADITIONAL WOODEN CATCH CUP GAME ,3651.75,2910,295,1.2969767441860465
LARGE RED RETROSPOT WINDMILL,3645.0000000000005,1900,107,2.074299065420561
PINK POLKADOT BOWL,3640.08,3157,220,1.2584234234234235
STRAWBERRY FAIRY CAKE TEAPOT,3638.9,748,160,4.928658536585366
RED RETROSPOT CHILDRENS UMBRELLA,3629.66,1140,182,3.312950819672131
CAKE STAND 3 TIER MAGIC GARDEN,3624.5999999999995,308,88,12.525
CINDERELLA CHANDELIER ,3617.6000000000004,220,22,43.01136363636363
BISCUIT TIN VINTAGE RED,3609.8,572,146,6.640410958904109
PICNIC BOXES SET OF 3 RETROSPOT ,3607.3,774,118,4.932352941176471
TRADITIONAL CHRISTMAS RIBBONS,3602.8,2903,266,1.2925461254612545
EMPIRE DESIGN ROSETTE,3596.42,4236,26,1.2261538461538461
ILLUSTRATED CAT BOWL ,3586.3199999999997,1356,88,2.5531460674157302
RECYCLED ACAPULCO MAT RED,3572.75,435,169,8.24526627218935
LARGE ANTIQUE WHITE PHOTO FRAME,3568.26,507,125,7.80144
CREAM SWEETHEART EGG HOLDER,3547.3,750,147,4.917114093959731
FOOD COVER WITH BEADS SET 2 ,3545.17,977,121,3.7934710743801654
CHRISTMAS STAR WISH LIST CHALKBOARD,3535.2,3264,234,1.1650210970464137
FIRST AID TIN,3530.35,1129,148,3.2376666666666667
SMALL RED RETROSPOT WINDMILL,3521.7,2974,185,1.2572192513368983
RED RETROSPOT TRADITIONAL TEAPOT ,3508.8,464,133,7.860447761194029
STORAGE TIN VINTAGE DOILY ,3502.15,1235,158,2.9887500000000005
GLASS BON BON JAR,3495.27,2135,134,1.7758394160583941
SCANDINAVIAN REDS RIBBONS,3492.2,2741,335,1.2920234604105572
SET OF 6 T-LIGHTS SANTA,3476.36,1184,173,3.128742857142857
COLOURED GLASS STAR T-LIGHT HOLDER,3474.88,996,42,3.98139534883721
GREEN METAL BOX ARMY SUPPLIES,3474.39,437,111,8.34018018018018
ENCHANTED BIRD COATHANGER 5 HOOK,3470.54,774,190,4.666197916666667
AIRLINE BAG VINTAGE TOKYO 78,3468.63,825,247,4.366706827309237
PARISIENNE SEWING BOX,3464.8,296,124,12.281600000000001
ROLL WRAP VINTAGE CHRISTMAS,3450.39,2847,246,1.245
RED RETROSPOT SUGAR JAM BOWL,3448.9500000000003,1469,206,2.506730769230769
CAMOUFLAGE DESIGN TEDDY,3445.5000000000005,1630,35,2.4085714285714284
NOVELTY BISCUITS CAKE STAND 3 TIER,3445.4199999999996,360,143,10.00847222222222
RETROSPOT GIANT TUBE MATCHES,3442.5,1494,132,2.5266666666666664
DOORMAT PEACE ON EARTH BLUE,3442.04,700,27,7.9585185185185185
ANTIQUE SILVER BAUBLE LAMP  ,3437.7000000000003,369,72,10.069230769230769
PARISIENNE CURIO CABINET,3437.3,471,183,7.453551912568306
MISTLETOE HEART WREATH GREEN,3435.62,838,162,4.239876543209877
CLASSIC CHROME BICYCLE BELL ,3431.35,2451,170,1.4393142857142858
BAG 125g SWIRLY MARBLES,3431.35,9272,243,0.4274898785425101
JUMBO BAG SCANDINAVIAN PAISLEY,3426.75,1945,91,1.9141304347826087
RECIPE BOX BLUE SKETCHBOOK DESIGN,3422.0600000000004,1218,231,2.9801298701298706
GYMKHANA TREASURE BOOK BOX,3417.83,1630,156,2.2552201257861633
WOODEN HEART CHRISTMAS SCANDINAVIAN,3415.8999999999996,9782,463,0.4231941544885177
WALL ART BICYCLE SAFETY,3412.52,644,120,5.89611570247934
FANCY FONTS BIRTHDAY WRAP,3409.0,8550,230,0.4182608695652174
GAOLERS KEYS DECORATIVE GARDEN ,3400.94,926,205,3.7783495145631067
SET 3 WICKER STORAGE BASKETS ,3399.95,241,74,19.355405405405406
PAPER BUNTING VINTAGE PAISLEY,3395.55,1189,180,2.934615384615385
MIRRORED DISCO BALL ,3393.4,642,129,5.791472868217054
BUNDLE OF 3 RETRO NOTE BOOKS,3393.35,2099,240,1.6760162601626014
BLUE POLKADOT PLATE ,3359.47,2131,147,1.672162162162162
FOOD CONTAINER SET 3 LOVE HEART ,3358.72,1884,180,2.0398378378378377
EASTER CRAFT 4 CHICKS ,3355.35,1813,159,1.9370370370370371
FAIRY TALE COTTAGE NIGHTLIGHT,3352.7999999999997,2016,69,1.9137681159420288
DRAWER KNOB CRACKLE GLAZE IVORY,3348.6,2076,177,1.6455801104972374
SET OF 6 SNACK LOAF BAKING CASES,3336.94,4264,291,0.8247796610169491
BICYCLE PUNCTURE REPAIR KIT ,3336.7200000000003,1730,103,2.062181818181818
PEG BAG APPLES DESIGN,3336.37,1390,220,2.5948648648648645
LUNCH BAG SUKI  DESIGN ,3334.7,2118,144,1.6391891891891892
WICKER STAR ,3328.8,1608,303,2.096753246753247
PACK OF 20 NAPKINS RED APPLES,3326.39,4229,313,0.84778125
SET OF 12 FORK CANDLES,3319.35,1215,113,2.858421052631579
WHITE ROCKING HORSE HAND PAINTED,3311.5,2750,154,1.2435975609756096
TRADITIONAL NAUGHTS & CROSSES,3300.9,2018,216,1.6490950226244343
SET OF 5 MINI GROCERY MAGNETS,3297.2200000000003,1631,184,2.0946236559139786
IVORY GIANT GARDEN THERMOMETER,3295.7000000000003,566,182,5.939071038251367
ZINC HERB GARDEN CONTAINER,3279.82,535,187,6.293191489361702
I LOVE LONDON BABY GIFT SET,3262.5499999999997,209,61,16.425409836065572
IVORY WICKER HEART LARGE,3255.75,1979,267,1.6485507246376812
TEA TIME KITCHEN APRON,3248.07,585,120,5.950082644628099
S/6 WOODEN SKITTLES IN COTTON BAG,3247.16,1070,173,3.241818181818182
SET OF 9 HEART SHAPED BALLOONS,3245.79,2671,213,1.2559534883720929
HAPPY STENCIL CRAFT,3244.6,2777,252,1.2560392156862745
SET 3 SONG BIRD PAPER EGGS ASSORTED,3224.65,1159,131,2.9286259541984734
TEA BAG PLATE RED RETROSPOT,3221.79,3861,254,0.866692607003891
PHARMACIE FIRST AID TIN,3220.81,483,94,6.732736842105263
ANTIQUE GLASS PEDESTAL BOWL,3212.1,887,159,3.764601226993865
GLASS APOTHECARY BOTTLE TONIC,3211.09,865,180,3.885580110497238
WRAP ALPHABET DESIGN,3196.5,7925,232,0.41732758620689653
RIBBON REEL SNOWY VILLAGE,3193.03,1991,176,1.6999435028248586
METAL SIGN DROP YOUR PANTS,3186.7799999999997,1230,171,2.854450867052023
BLUE POLKADOT BOWL,3178.65,2728,223,1.2418666666666667
FELTCRAFT GIRL NICOLE KIT,3169.79,645,170,4.97
WOODEN STAR CHRISTMAS SCANDINAVIAN,3164.0799999999995,9628,433,0.37855875831485586
ROLL WRAP VINTAGE SPOT ,3154.4,2584,246,1.2466666666666668
SET OF 4 KNICK KNACK TINS POPPIES,3142.4,812,155,3.9050632911392404
WOODLAND MINI BACKPACK,3133.6000000000004,784,133,4.1379699248120305
PACK OF 12 COLOURED PENCILS,3120.64,3898,200,0.8557920792079208
SPACEBOY BIRTHDAY CARD,3120.14,7834,394,0.4234683544303797
WATERING CAN PINK BUNNY,3092.7799999999997,1644,234,1.9490677966101693
SET OF 60 VINTAGE LEAF CAKE CASES ,3091.61,5955,305,0.5637820512820513
"TRAY, BREAKFAST IN BED",3089.85,259,66,12.504545454545454
FRENCH ENAMEL CANDLEHOLDER,3087.52,1541,233,2.1339495798319326
6 GIFT TAGS VINTAGE CHRISTMAS ,3068.82,3726,253,0.8295719844357976
CLASSIC CAFE SUGAR DISPENSER,3037.1,2633,208,1.2297619047619048
MINT DINER WALL CLOCK,3034.5,363,154,8.483441558441559
BABUSHKA LIGHTS STRING OF 10,3032.39,467,116,6.758103448275863
GREEN 3 PIECE POLKADOT CUTLERY SET,3019.23,837,68,3.816470588235294
16 PIECE CUTLERY SET PANTRY DESIGN,3018.2999999999997,210,46,15.65
20 DOLLY PEGS RETROSPOT,3017.5,2346,182,1.3523913043478262
PURPLE DRAWERKNOB ACRYLIC EDWARDIAN,3017.37,2492,145,1.25751677852349
BATHROOM METAL SIGN,3016.9500000000003,5503,383,0.5642487046632124
CABIN BAG VINTAGE RETROSPOT,3012.4,160,39,22.50897435897436
COFFEE MUG DOG + BALL DESIGN,3011.64,1436,143,2.5337062937062935
PINK  POLKADOT PLATE ,3010.71,1911,130,1.6716793893129769
SET OF SALT AND PEPPER TOADSTOOLS,3000.35,2455,196,1.2451530612244899
ALPHABET STENCIL CRAFT,2999.19,2668,165,1.2604848484848483
DOORMAT CHRISTMAS VILLAGE,2991.7,568,35,8.836
FINE WICKER HEART ,2982.02,2506,179,1.2351396648044692
WRAP ENGLISH ROSE ,2980.42,7201,248,0.41943548387096774
LARGE DECO JEWELLERY STAND,2977.8,246,88,12.469318181818181
VICTORIAN  METAL POSTCARD SPRING,2973.55,2707,162,1.6656287425149698
SET OF 4 KNICK KNACK TINS LEAF,2970.85,739,116,4.136206896551725
SPACEBOY BEAKER,2970.75,2567,138,1.2439285714285715
RED BABY BUNTING ,2969.65,1027,167,2.9428143712574855
WHITE WICKER STAR ,2954.7000000000003,1422,270,2.096402877697842
IVORY HANGING DECORATION  HEART,2952.54,3558,205,0.8597196261682243
GLASS APOTHECARY BOTTLE ELIXIR,2951.78,798,160,3.9079012345679014
JAM JAR WITH PINK LID,2947.47,3675,246,0.8457723577235773
SET OF 36 PAISLEY FLOWER DOILIES,2942.5099999999998,2036,229,1.494061135371179
DOILEY STORAGE TIN,2934.98,1082,112,2.8652212389380534
POTTING SHED TEA MUG,2924.48,2344,232,1.335579399141631
COLOURING PENCILS BROWN TUBE,2923.18,4309,218,0.8588796680497925
RETROSPOT LAMP,2922.85,299,131,9.91679389312977
RED GINGHAM ROSE JEWELLERY BOX,2917.2,1612,217,1.88018018018018
3 HOOK HANGER MAGIC GARDEN,2911.6499999999996,1615,94,1.924736842105263
OFFICE MUG WARMER BLACK+SILVER ,2910.75,1049,93,3.159684210526316
SWEETHEART BIRD HOUSE,2908.55,829,83,4.1359550561797755
FOUR HOOK  WHITE LOVEBIRDS,2904.87,1416,253,2.1098449612403103
VINTAGE  2 METER FOLDING RULER,2902.4700000000003,1775,155,1.6787898089171973
TREASURE TIN BUFFALO BILL ,2886.0800000000004,1430,187,2.0739473684210528
CHRISTMAS PUDDING TRINKET POT ,2883.44,6418,164,0.6191954022988505
BOYS VINTAGE TIN SEASIDE BUCKET,2880.92,1190,137,2.5523357664233575
DINOSAUR LUNCH BOX WITH CUTLERY,2868.78,1227,167,2.563571428571428
PACK 3 BOXES CHRISTMAS PANNETONE,2867.1499999999996,1531,110,2.106315789473684
DRAWER KNOB CERAMIC IVORY,2863.39,2035,165,1.453855421686747
GLASS  BEURRE DISH,2862.2200000000003,770,126,3.89992125984252
HOME SWEET HOME CUSHION COVER ,2861.25,763,201,3.75
EMBOSSED GLASS TEALIGHT HOLDER,2855.59,2368,162,1.286604938271605
DOLLY GIRL MINI BACKPACK,2838.9500000000003,713,144,4.139115646258504
LARGE HEART MEASURING SPOONS,2836.92,1696,220,1.7356888888888888
DOORMAT VINTAGE LEAVES DESIGN ,2833.7000000000003,426,88,7.66625
RETRO COFFEE MUGS ASSORTED,2829.28,2504,113,1.233189655172414
HANGING METAL STAR LANTERN,2828.08,1958,159,1.530496894409938
SUKI  SHOULDER BAG,2824.37,1763,204,1.6440487804878048
RED RETROSPOT CUP,2822.41,3519,277,0.8476785714285714
TABLECLOTH RED APPLES DESIGN ,2821.95,291,109,9.696363636363635
CHARLIE AND LOLA FIGURES TINS,2817.7999999999997,1404,126,2.3279527559055118
LOVEBIRD HANGING DECORATION WHITE ,2814.37,3367,311,0.86096875
SET 12 KIDS COLOUR  CHALK STICKS,2814.28,7012,282,0.42715789473684207
ANTIQUE TALL SWIRLGLASS TRINKET POT,2813.38,764,138,3.7959420289855075
RIBBON REEL HEARTS DESIGN ,2808.89,1701,225,1.6994736842105262
BOX OF 24 COCKTAIL PARASOLS,2808.57,6803,364,0.430972972972973
TOILET SIGN OCCUPIED OR VACANT,2807.69,3378,254,0.8792635658914728
BLUE POLKADOT WRAP,2798.0,6900,215,0.41693023255813955
DECORATIVE WICKER HEART LARGE,2794.65,1701,215,1.6482758620689655
FLOWERS CHANDELIER T-LIGHT HOLDER,2770.91,863,36,6.1529729729729725
SET OF 6 T-LIGHTS SNOWMEN,2768.48,900,137,3.1647826086956523
SPACEBOY CHILDRENS BOWL,2757.15,2367,174,1.2419540229885058
 DOLLY GIRL BEAKER,2754.5,2394,133,1.2437037037037038
WOODLAND PARTY BAG + STICKER SET,2750.96,1768,143,1.656153846153846
6 GIFT TAGS 50'S CHRISTMAS ,2750.9300000000003,3343,261,0.8295910780669145
CHILDREN'S SPACEBOY MUG,2746.16,1688,178,1.6535754189944134
CHEST NATURAL WOOD 20 DRAWERS,2745.0,24,13,118.07692307692308
RECYCLED ACAPULCO MAT BLUE,2741.35,335,133,8.237969924812031
MOROCCAN TEA GLASS,2741.2,3784,95,0.8205263157894737
GIRLS VINTAGE TIN SEASIDE BUCKET,2736.75,1141,138,2.5176258992805756
BLUE PARTY BAGS ,2728.94,1451,108,2.0772222222222223
SET/3 VANILLA SCENTED CANDLE IN BOX,2727.97,669,112,4.226428571428571
GLASS CLOCHE SMALL,2727.95,753,106,3.8692792792792794
MINI WOODEN HAPPY BIRTHDAY GARLAND,2726.31,1695,138,1.6882857142857142
POPPY'S PLAYHOUSE LIVINGROOM ,2724.62,1315,252,2.129130434782609
BUNDLE OF 3 SCHOOL EXERCISE BOOKS  ,2691.14,1678,179,1.6513333333333333
BISCUIT TIN VINTAGE GREEN,2685.13,433,114,6.693684210526317
RIBBON REEL CHRISTMAS SOCK BAUBLE,2676.39,1571,204,1.7441062801932365
TROPICAL  HONEYCOMB PAPER GARLAND ,2672.25,1175,72,2.502
COTTON APRON PANTRY DESIGN,2670.54,602,140,4.760140845070423
SINGLE ANTIQUE ROSE HOOK IVORY,2669.95,1843,250,1.4492125984251967
RETROSPOT RED WASHING UP GLOVES,2668.38,1355,239,2.089834710743802
BLACK AND WHITE CAT BOWL,2661.8999999999996,1357,43,1.7930232558139536
SPACEBOY GIFT WRAP,2652.34,6477,206,0.4186407766990291
SET OF 4 NAPKIN CHARMS CUTLERY,2642.86,1171,108,2.535357142857143
VICTORIAN SEWING KIT,2640.94,2370,98,1.2705050505050506
STOOL HOME SWEET HOME ,2635.9,227,106,12.30373831775701
RED ROCKING HORSE HAND PAINTED,2631.5,2206,116,1.2411016949152542
ENAMEL WATERING CAN CREAM,2621.85,539,161,4.928395061728395
UTILTY CABINET WITH HOOKS,2610.29,131,6,21.771666666666665
CAKE PLATE LOVEBIRD WHITE,2599.2,824,149,4.307046979865772
SET 10 LIGHTS NIGHT OWL,2593.65,407,77,6.698717948717949
PINK POLKADOT WRAP ,2593.0,6350,213,0.4169014084507042
RED HEART SHAPE LOVE BUCKET ,2591.02,1358,134,2.7335820895522387
RECYCLED ACAPULCO MAT PINK,2589.9,318,129,8.231395348837209
RIBBON REEL LACE DESIGN ,2584.8,1288,143,2.0932432432432435
GLASS CLOCHE LARGE,2581.45,329,41,8.334146341463414
REGENCY CAKE SLICE,2579.21,564,80,4.922625
BLACK AND WHITE DOG BOWL,2578.78,1192,48,2.3668750000000003
12 MESSAGE CARDS WITH ENVELOPES,2578.65,1621,187,1.6417525773195876
STOP FOR TEA WALL ART,2572.7,518,41,5.775853658536586
ROSE CARAVAN DOORSTOP,2567.61,519,129,5.874307692307692
HEART WREATH DECORATION WITH BELL,2562.63,2163,144,1.238724832214765
GREEN CHRISTMAS TREE CARD HOLDER,2562.27,1183,145,2.560612244897959
SILVER BELLS TABLE DECORATION,2562.1,2090,213,1.246164383561644
BELLE JARDINIERE CUSHION COVER,2555.73,683,175,3.7473863636363633
TWO DOOR CURIO CABINET,2551.95,210,82,12.535975609756099
12 PENCIL SMALL TUBE WOODLAND,2545.3,3998,276,0.6657342657342658
PACK OF 12 HEARTS DESIGN TISSUES ,2542.17,8541,354,0.334438202247191
VANILLA SCENT CANDLE JEWELLED BOX,2541.12,1374,88,4.036666666666667
SET OF 3 WOODEN STOCKING DECORATION,2529.64,1964,274,1.3111301369863015
GLITTER HANGING BUTTERFLY STRING,2528.39,1264,163,2.153095238095238
TRIPLE HOOK ANTIQUE IVORY ROSE,2526.02,778,211,3.2825233644859817
N0 SINGING METAL SIGN,2523.78,1197,35,2.091142857142857
RED RETROSPOT TEA CUP AND SAUCER ,2519.19,807,139,3.4602097902097904
BAKING MOULD HEART MILK CHOCOLATE,2513.12,1040,145,2.5655479452054792
BLUE GIANT GARDEN THERMOMETER,2511.7200000000003,426,162,5.9838036809815955
SET 10 NIGHT OWL LIGHTS,2510.34,388,101,6.759126213592234
HALL CABINET WITH 3 DRAWERS,2503.5299999999997,75,4,45.635000000000005
RETROSPOT PADDED SEAT CUSHION,2502.82,700,65,3.8087692307692307
IVORY WICKER HEART MEDIUM,2498.65,2009,216,1.2481415929203539
PACK OF 6 SWEETIE GIFT BOXES,2496.76,1029,77,2.5691139240506327
PACK OF 60 MUSHROOM CAKE CASES,2496.08,4936,276,0.5523843416370107
GLITTER BUTTERFLY CLIPS,2489.1,1010,177,2.5402173913043478
WATERING CAN GREEN DINOSAUR,2487.5299999999997,1341,189,1.950418848167539
BLUE POLKADOT CUP,2484.53,3153,215,0.8410138248847926
CHEST OF DRAWERS GINGHAM HEART ,2459.04,146,79,17.080886075949365
STRAWBERRY SHOPPER BAG,2453.38,2034,231,1.2760425531914894
CHILDRENS DOLLY GIRL MUG,2443.14,1514,157,1.6864556962025314
GLASS JAR ENGLISH CONFECTIONERY,2438.2000000000003,880,143,3.015277777777778
JAM JAR WITH GREEN LID,2433.88,3046,209,0.8456459330143541
LUNCH BAG RED VINTAGE DOILY,2432.55,1547,118,1.6415966386554621
SET OF 2 TRAYS HOME SWEET HOME,2426.72,248,118,9.925254237288135
3 TRADITIONAl BISCUIT CUTTERS  SET,2418.02,1154,202,2.127536945812808
TEA TIME OVEN GLOVE,2412.92,2001,241,1.2812345679012345
CHRISTMAS HANGING STAR WITH BELL,2402.12,5200,173,0.5715760869565217
WALL ART 70'S ALPHABET ,2399.58,334,55,8.062000000000001
CREAM WALL PLANTER HEART SHAPED,2396.71,416,144,5.9465972222222225
SET OF 3 WOODEN SLEIGH DECORATIONS,2396.7,1842,249,1.3229924242424242
CHRISTMAS METAL TAGS ASSORTED ,2395.93,2857,136,0.8922302158273381
SET/6 TURQUOISE BUTTERFLY T-LIGHTS,2384.76,1234,133,2.0819117647058825
PINK OWL SOFT TOY,2379.05,839,139,2.9413669064748205
SWEETHEART WIRE MAGAZINE RACK,2373.0,300,157,7.94235668789809
BICYCLE SAFTEY WALL ART,2371.94,458,39,5.782307692307692
GINGHAM HEART  DOORSTOP RED,2371.2599999999998,714,185,3.897914438502674
BAKING MOULD CHOCOLATE CUPCAKES,2358.89,915,133,2.6142647058823525
MAN FLU METAL SIGN,2356.38,1127,153,2.2381045751633986
SKULLS AND CROSSBONES WRAP,2356.0,5800,165,0.41769696969696973
SPACEBOY CHILDRENS CUP,2343.07,1951,159,1.2651875000000001
OWL DOORSTOP,2339.19,489,117,4.948644067796611
MISTLETOE HEART WREATH CREAM,2332.13,575,103,4.2142307692307694
WRAP PINK FAIRY CAKES ,2331.0,5800,167,0.4168862275449102
ROUND SNACK BOXES SET OF 4 SKULLS,2325.9500000000003,821,162,2.9403030303030304
GLASS STAR FROSTED T-LIGHT HOLDER,2319.19,497,119,4.929243697478992
PINK DINER WALL CLOCK,2317.1,281,98,8.456632653061224
CERAMIC CHERRY CAKE MONEY BANK,2315.73,2043,188,1.3367021276595743
PENS ASSORTED FUNNY FACE,2313.7400000000002,9110,171,0.2294186046511628
TRADITIONAL PICK UP STICKS GAME ,2295.0,1836,231,1.25
RED DRAWER KNOB ACRYLIC EDWARDIAN,2292.27,1983,97,1.238673469387755
TOTE BAG I LOVE LONDON,2289.78,1204,94,2.052021276595745
LARGE CAKE TOWEL PINK SPOTS,2288.2999999999997,774,78,5.461392405063291
GREEN GIANT GARDEN THERMOMETER,2278.25,395,129,5.934496124031008
 50'S CHRISTMAS GIFT BAG LARGE,2272.25,1885,109,1.2480733944954128
BAKING MOULD EASTER EGG MILK CHOC,2272.2000000000003,876,91,2.922826086956522
HEART MIRROR ANTIQUE WHITE,2269.14,351,71,7.394583333333333
TOY TIDY SPACEBOY  ,2266.35,1152,195,2.1285714285714286
WALL ART DOG LICENCE ,2265.18,474,62,5.846507936507936
SET OF 9 BLACK SKULL BALLOONS,2261.65,2725,173,0.8477586206896551
DOORMAT WELCOME SUNRISE,2260.69,343,95,7.94042105263158
CAKE STAND WHITE TWO TIER LACE,2254.5,330,89,7.41123595505618
SET OF 3 BLACK FLYING DUCKS,2251.15,475,47,5.1000000000000005
KINGS CHOICE MUG,2249.56,2000,111,1.3656249999999999
POLYESTER FILLER PAD 40x40cm,2248.95,1551,182,1.45
SET OF 10 LANTERNS FAIRY LIGHT STAR,2248.14,560,85,4.192500000000001
SHELF WITH 4 HOOKS HOME SWEET HOME,2247.36,448,95,6.153333333333333
VINTAGE BELLS GARLAND,2246.56,784,127,2.886992481203008
BALLOON WATER BOMB PACK OF 35,2244.06,5873,138,0.4174468085106383
CERAMIC HEART FAIRY CAKE MONEY BANK,2243.94,1748,233,1.4098290598290597
VINTAGE LEAF MAGNETIC NOTEPAD,2242.65,1593,211,1.4434883720930232
12 PENCILS TALL TUBE RED RETROSPOT,2240.31,2643,234,0.8494650205761316
ENAMEL WASH BOWL CREAM,2228.05,659,144,3.661724137931035
FRENCH BATHROOM SIGN BLUE METAL,2227.62,1382,158,1.65775
GREEN DRAWER KNOB ACRYLIC EDWARDIAN,2227.52,1840,145,1.2489261744966442
PEARL CRYSTAL PUMPKIN T-LIGHT HLDR,2214.87,1368,132,1.666842105263158
RED REFECTORY CLOCK ,2212.25,235,95,9.817368421052631
CREAM SLICE FLANNEL PINK SPOT ,2209.95,837,62,2.8674603174603175
CLASSIC BICYCLE CLIPS ,2200.15,1587,86,1.4402247191011237
VINTAGE  2 METRE FOLDING RULER,2197.69,1321,127,1.7389922480620155
SET OF 4 ENGLISH ROSE PLACEMATS,2194.64,612,139,3.80705035971223
FRENCH WC SIGN BLUE METAL,2192.74,1753,208,1.2654761904761904
RECYCLED ACAPULCO MAT LAVENDER,2189.7,266,109,8.242660550458716
ROUND CONTAINER SET OF 5 RETROSPOT,2181.3,1386,151,1.6394736842105262
DECORATIVE WICKER HEART MEDIUM,2181.19,1751,195,1.2489603960396038
TOADSTOOL BEDSIDE LIGHT ,2180.7,246,103,8.936538461538461
ZINC WILLIE WINKIE  CANDLE STICK,2176.1,2606,188,0.8724607329842932
SWEETHEART 3 TIER CAKE STAND ,2174.1,222,122,9.92642276422764
DOORMAT I LOVE LONDON,2157.33,327,69,7.934782608695652
WRAP RED APPLES ,2157.0,5250,173,0.4190751445086705
RUSTIC MIRROR WITH LACE HEART,2155.51,443,70,6.0931428571428565
SET OF 3 WOODEN TREE DECORATIONS,2153.71,1665,246,1.31984496124031
POTTING SHED TWINE,2152.2000000000003,946,89,2.1061111111111113
HOME SWEET HOME KEY HOLDER,2148.54,434,94,6.1423404255319145
GARLAND WOODEN HAPPY EASTER,2147.7799999999997,1762,165,1.2477245508982036
EMPIRE UNION JACK TV DINNER TRAY,2145.8199999999997,810,78,4.96025641025641
SET 20 NAPKINS FAIRY CAKES DESIGN ,2141.43,2601,286,0.863448275862069
TOADSTOOL MONEY BOX,2140.15,745,133,2.9440740740740745
RETROSPOT CIGAR BOX MATCHES ,2135.32,2138,210,1.1293548387096775
PINK DOUGHNUT TRINKET POT ,2132.7,1602,164,1.6364705882352941
ICE CREAM BUBBLES,2131.0099999999998,2647,94,0.8265263157894737
FOLKART ZINC HEART CHRISTMAS DEC,2127.39,2679,153,0.846687898089172
VINTAGE RED ENAMEL TRIM JUG ,2123.34,578,123,3.7425203252032517
SMALL PARISIENNE HEART PHOTO FRAME ,2122.67,915,123,2.472845528455285
SWALLOWS GREETING CARD,2120.55,5337,242,0.41921810699588474
VINTAGE UNION JACK APRON,2112.39,303,113,6.995438596491228
WRAP VINTAGE LEAF DESIGN,2109.42,5251,134,0.4173333333333333
WRAP POPPIES  DESIGN,2105.5,5175,158,0.41861635220125787
KEY RING BASEBALL BOOT UNION JACK,2103.3,1770,85,1.2379310344827588
GLASS HEART T-LIGHT HOLDER ,2097.71,2828,129,0.8344186046511628
HEADS AND TAILS SPORTING FUN,2095.46,1871,179,1.2591758241758242
PAPER LANTERN 9 POINT DELUXE STAR,2091.55,347,34,6.623529411764706
GIRLS ALPHABET IRON ON PATCHES ,2088.0,11040,23,0.20304347826086958
ENAMEL COLANDER CREAM,2086.11,434,141,4.960709219858156
LARGE CAKE TOWEL CHOCOLATE SPOTS,2082.15,829,64,4.020588235294118
WALL TIDY RETROSPOT ,2082.06,1680,103,1.83375
DOG LICENCE WALL ART,2081.64,408,29,5.745172413793104
SKULL SHOULDER BAG,2081.2,1288,143,1.6458041958041958
RIBBON REEL CHRISTMAS PRESENT ,2073.74,1226,187,1.7367724867724867
PLAYING CARDS JUBILEE UNION JACK,2073.73,1661,190,1.2489447236180904
VILLAGE SHOW WALL ART,2072.42,386,18,5.735555555555556
CUPBOARD 3 DRAWER MA CAMPAGNE,2070.95,145,87,14.772988505747126
SET 12 LAVENDER  BOTANICAL T-LIGHTS,2069.2000000000003,760,73,2.922972972972973
CARD BILLBOARD FONT,2067.75,5026,332,0.42737951807228913
VINTAGE CHRISTMAS GIFT BAG LARGE ,2066.65,1781,83,1.239879518072289
CACTI T-LIGHT CANDLES,2065.22,5185,130,0.4194615384615385
CLASSIC FRENCH STYLE BASKET NATURAL,2064.4700000000003,501,93,4.395913978494623
GROW YOUR OWN BASIL IN ENAMEL MUG,2061.0,990,167,2.0970414201183436
DRAWER KNOB CRACKLE GLAZE GREEN,2060.4,1272,136,1.6470588235294117
PINK  POLKADOT CUP,2049.7,2572,201,0.8461576354679802
VINTAGE BILLBOARD TEA MUG,2047.8000000000002,1867,51,1.2350980392156863
SWEETHEART WIRE WALL TIDY,2046.85,213,97,9.860309278350515
6 EGG HOUSE PAINTED WOOD,2043.04,256,117,8.017008547008547
PARTY CONES CANDY ASSORTED,2042.69,1729,72,1.2368055555555555
SMALL DOLLY MIX DESIGN ORANGE BOWL,2040.19,4436,361,0.48358695652173916
STAR WOODEN CHRISTMAS DECORATION,2036.56,2440,154,0.9087096774193548
CERAMIC CAKE DESIGN SPOTTED MUG,2035.55,1399,154,1.4823566878980892
SMALL RED RETROSPOT MUG IN BOX ,2030.68,873,84,3.895882352941176
RED GINGHAM TEDDY BEAR ,2029.9800000000002,722,130,2.9813846153846155
S/4 VALENTINE DECOUPAGE HEART BOX,2025.1000000000001,1368,92,2.2989130434782608
 RED SPOT GIFT BAG LARGE,2023.5,1686,92,1.247717391304348
BUTTON BOX ,2020.71,1071,118,1.939090909090909
MAKE YOUR OWN FLOWERPOWER CARD KIT,2018.8100000000002,863,148,2.8079865771812083
KEEP CALM WALL ART ,2015.97,269,20,7.9465
36 PENCILS TUBE SKULLS,2009.43,1627,179,1.2489560439560439
SMALL HEART MEASURING SPOONS,2008.6299999999999,2379,247,0.8705533596837944
6 RIBBONS ELEGANT CHRISTMAS ,2004.92,1538,120,1.5267213114754097
WRAP CHRISTMAS VILLAGE,2003.92,4876,140,0.4184285714285714
PACK OF 12 RED RETROSPOT TISSUES ,2002.7299999999998,6521,250,0.32844
HANGING MINI COLOURED BOTTLES,1999.59,3369,55,0.6192727272727273
IVORY SWEETHEART WIRE LETTER RACK ,1998.51,541,149,3.7428
HERB MARKER BASIL,1997.7500000000002,3325,188,0.6489473684210527
MA CAMPAGNE CUTLERY BOX,1997.55,137,81,14.868518518518517
TOILET METAL SIGN,1997.13,3749,302,0.5550495049504951
PACK OF 12 SUKI TISSUES ,1995.05,6907,259,0.3419924812030075
SET OF 6 T-LIGHTS CACTI ,1987.93,775,55,3.0098214285714286
6 CHOCOLATE LOVE HEART T-LIGHTS,1985.8600000000001,1014,110,2.1428947368421056
ASSORTED COLOUR T-LIGHT HOLDER,1983.17,3349,87,0.6763636363636364
KNEELING MAT HOUSEWORK  DESIGN,1980.71,1473,187,1.5788947368421054
LETTER HOLDER HOME SWEET HOME,1980.31,595,110,3.7067567567567568
SET OF 2 CERAMIC CHRISTMAS REINDEER,1980.1799999999998,1434,78,1.5176923076923077
BLUE COAT RACK PARIS FASHION,1974.69,427,134,4.933111111111112
SLATE TILE NATURAL HANGING,1974.2,1390,126,1.5909375
PACK OF 6 SANDCASTLE FLAGS ASSORTED,1972.8999999999999,2396,152,0.8525
SET/20 STRAWBERRY PAPER NAPKINS ,1972.73,2483,201,0.8504950495049504
TEA TIME TEAPOT IN GIFT BOX,1972.46,338,80,6.266
WHITE LOVEBIRD LANTERN,1970.65,687,115,2.9051724137931036
36 PENCILS TUBE WOODLAND,1969.43,1595,142,1.2486713286713287
DRAWER KNOB CRACKLE GLAZE PINK,1968.0,1216,136,1.6470588235294117
GINGHAM RECIPE BOOK BOX,1966.95,409,103,4.926699029126214
S/4 CACTI CANDLES,1965.87,493,80,5.038
T-LIGHT HOLDER HANGING LOVE BIRD,1965.63,533,95,3.740315789473684
GLASS  SONGBIRD STORAGE JAR,1965.3,165,69,12.343478260869565
BAKING MOULD ROSE MILK CHOCOLATE,1964.25,673,52,3.1634615384615383
ROLL WRAP 50'S RED CHRISTMAS ,1961.01,1593,162,1.2474233128834356
CERAMIC STRAWBERRY DESIGN MUG,1960.47,1739,142,1.2993150684931507
WHITE BROCANTE SOAP DISH,1960.2000000000003,684,104,2.9462264150943396
"KEY FOB , SHED",1959.13,3081,265,0.6859398496240602
ASSTD DESIGN RACING CAR PEN,1953.0,1252,62,1.851875
LE JARDIN BOTANIQUE CUSHION COVER,1948.23,521,139,3.7468055555555555
STORAGE TIN VINTAGE LEAF,1948.1,762,95,2.6934000000000005
FILIGREE HEART BUTTERFLY WHITE ,1947.06,1592,87,1.26816091954023
RED SPOT PAPER GIFT BAG,1944.08,2444,122,0.8175409836065574
SOAP DISH BROCANTE,1942.45,691,93,2.928494623655914
VINTAGE RED ENAMEL TRIM MUG ,1940.45,1633,101,1.2396039603960396
3 TIER SWEETHEART GARDEN SHELF,1938.2500000000002,55,43,35.67093023255814
BAKING MOULD TOFFEE CUP CHOCOLATE,1935.6000000000001,866,63,2.5
JUMBO BAG CHARLIE AND LOLA TOYS,1932.67,921,108,2.3205555555555555
SET 8 CANDLES VINTAGE DOILY,1932.0,1024,100,1.9441176470588233
3D VINTAGE CHRISTMAS STICKERS ,1930.38,1522,126,1.3437795275590552
BIRDHOUSE GARDEN MARKER ,1929.35,1411,76,1.2560526315789473
KEY RING BASEBALL BOOT ASSORTED ,1928.8,1580,84,1.2428409090909092
FLORAL FOLK STATIONERY SET,1927.3500000000001,1360,205,1.5254589371980676
NOEL WOODEN BLOCK LETTERS ,1924.94,332,114,6.063391304347827
SEWING BOX RETROSPOT DESIGN ,1923.85,203,80,11.7625
STAR WREATH DECORATION WITH BELL,1921.94,1594,121,1.2432258064516128
CHOCOLATE BOX RIBBONS ,1917.58,1573,227,1.2739240506329115
FUNKY WASHING UP GLOVES ASSORTED,1917.0600000000002,941,171,2.0953409090909094
WRAP DOILEY DESIGN,1915.5,4675,162,0.4185185185185185
CHILDREN'S CIRCUS PARADE MUG,1914.58,1186,110,1.6723423423423422
36 FOIL STAR CAKE CASES ,1912.3400000000001,997,106,2.0110185185185183
BLUE DRAWER KNOB ACRYLIC EDWARDIAN,1906.68,1560,122,1.2453278688524592
HANGING HEART WITH BELL,1906.58,4112,138,0.5571232876712329
SKETCHBOOK MAGNETIC SHOPPING LIST,1900.9399999999998,1318,180,1.5450276243093921
REGENCY CAKE FORK,1896.6,1608,68,1.2283823529411766
ZINC T-LIGHT HOLDER STAR LARGE,1896.54,2030,148,0.9608724832214764
"FANCY FONT BIRTHDAY CARD, ",1895.76,4704,250,0.41856
IVORY REFECTORY CLOCK,1894.6999999999998,202,76,9.83157894736842
WRAP 50'S  CHRISTMAS,1892.46,4563,149,0.41919999999999996
MAKE YOUR OWN MONSOON CARD KIT,1892.14,830,146,2.689189189189189
CARDHOLDER HOLLY WREATH METAL,1886.08,506,91,3.926153846153846
SET OF 3 COLOURED  FLYING DUCKS,1882.6499999999999,393,38,5.239473684210527
3D TRADITIONAL CHRISTMAS STICKERS,1882.31,1471,141,1.3340277777777778
WHITE WIRE EGG HOLDER,1881.15,301,65,7.047727272727272
DOLLY GIRL CHILDRENS CUP,1880.1399999999999,1548,144,1.2695172413793103
RIBBON REEL POLKADOTS ,1877.55,1167,126,1.6468749999999999
TRAVEL CARD WALLET VINTAGE TICKET,1875.12,4540,292,0.4193959731543624
WOODLAND  HEIGHT CHART STICKERS ,1874.4,672,79,2.9145569620253164
BAKING MOULD HEART WHITE CHOCOLATE,1873.51,792,110,2.5514414414414412
CHINESE DRAGON PAPER LANTERNS,1870.7,5524,75,0.5113333333333333
STAR T-LIGHT HOLDER WILLIE WINKIE,1870.11,1139,98,1.7453535353535352
AIRLINE BAG VINTAGE JET SET RED,1870.09,445,156,4.262356687898089
FLUTED ANTIQUE CANDLE HOLDER,1867.9099999999999,2289,128,0.865234375
HANGING JAM JAR T-LIGHT HOLDERS,1867.33,2413,69,0.8508695652173913
VINTAGE JINGLE BELLS HEART,1864.5,226,76,8.25
CERAMIC STRAWBERRY MONEY BOX,1859.4,804,47,2.524468085106383
KEY CABINET MA CAMPAGNE,1855.6999999999998,190,93,9.903225806451612
DOLLY GIRL CHILDRENS BOWL,1854.8500000000001,1553,141,1.245774647887324
ALUMINIUM STAMPED HEART,1852.5500000000002,771,124,2.476984126984127
HEART WOODEN CHRISTMAS DECORATION,1851.99,2121,157,0.8982389937106918
OVEN MITT APPLES DESIGN,1847.76,1296,172,1.549421965317919
JAZZ HEARTS PURSE NOTEBOOK,1845.87,4339,244,0.45910852713178296
LE GRAND TRAY CHIC SET,1837.5,147,74,12.5
CERAMIC CAKE BOWL + HANGING CAKES,1832.15,665,98,2.89
HOT WATER BOTTLE SEX BOMB,1832.0,432,88,4.479213483146068
SMALL DECO JEWELLERY STAND,1831.65,229,70,8.227142857142857
ENGLISH ROSE GARDEN SECATEURS,1825.99,1957,174,1.0948314606741574
CHRISTMAS RETROSPOT ANGEL WOOD,1824.87,2235,150,0.8987499999999999
EASTER TIN BUNNY BOUQUET,1822.8,1144,127,1.6453488372093024
PARLOUR CERAMIC WALL HOOK,1819.25,443,72,4.144444444444445
ROCKING HORSE RED CHRISTMAS ,1807.6,2200,176,0.8463888888888889
RIBBON REEL MAKING SNOWMEN ,1807.31,1091,152,1.7242105263157894
SET 12 COLOUR PENCILS SPACEBOY ,1803.3,2778,231,0.6495726495726496
RED RETROSPOT APRON ,1796.9,302,105,5.95
POPPY'S PLAYHOUSE BATHROOM,1794.6,876,169,2.0956140350877193
SET OF 16 VINTAGE ROSE CUTLERY,1787.85,147,48,12.676530612244898
SET OF 6 T-LIGHTS TOADSTOOLS,1786.1900000000003,669,107,2.79348623853211
SWISS ROLL TOWEL PINK  SPOTS,1782.18,666,27,3.1581481481481486
MAGIC DRAWING SLATE PURDEY,1780.92,4718,144,0.41275862068965513
METAL SIGN NEIGHBOURHOOD WITCH ,1778.4,874,113,2.093421052631579
SET 36 COLOUR PENCILS SPACEBOY ,1775.22,1498,133,1.2443283582089553
SET 12 RETRO WHITE CHALK STICKS,1771.1200000000001,4362,248,0.43220472440944885
TRAVEL CARD WALLET I LOVE LONDON,1767.72,4346,175,0.4193258426966292
WATERING CAN GARDEN MARKER,1765.6,1280,70,1.2565714285714285
MINI CAKE STAND WITH HANGING CAKES,1764.8999999999999,1290,148,1.4316993464052286
HANGING CHICK CREAM DECORATION,1761.7499999999998,1215,90,1.45
"FEATHER PEN,HOT PINK",1758.8899999999999,3573,157,0.5129936305732484
VINTAGE UNION JACK CUSHION COVER,1755.3,358,92,4.942391304347826
DRAWER KNOB CRACKLE GLAZE BLUE,1751.79,1079,111,1.6610714285714285
OCEAN SCENT CANDLE IN JEWELLED BOX,1749.94,968,75,4.0116000000000005
IF YOU CAN'T STAND THE HEAT MUG,1748.59,1583,88,1.2793181818181818
RETROSPOT SMALL TUBE MATCHES,1743.35,1059,146,1.6487012987012986
WRAP I LOVE LONDON ,1742.5,4425,100,0.41619999999999996
REX CASH+CARRY JUMBO SHOPPER,1740.3999999999999,1832,859,0.95
MAGIC DRAWING SLATE SPACEBOY ,1735.5,4331,202,0.41739130434782606
CHRISTMAS GINGHAM STAR,1735.27,2047,138,0.9094285714285714
MODERN FLORAL STATIONERY SET,1734.6,1212,177,1.5006666666666666
BROCANTE COAT RACK,1734.05,205,46,9.81804347826087
RED PAPER PARASOL,1732.7900000000002,629,73,2.9615068493150685
SET OF 4 NAPKIN CHARMS HEARTS,1730.82,762,127,2.4765384615384614
FILIGREE HEART BIRD WHITE ,1726.3,1397,78,1.3925316455696204
CARD HOLDER GINGHAM HEART,1724.42,602,135,2.9497037037037037
RED STAR CARD HOLDER,1723.79,801,118,2.3194117647058823
VINTAGE GLASS T-LIGHT HOLDER,1722.7900000000002,2129,122,0.8575999999999999
DAIRY MAID STRIPE MUG,1720.3000000000002,1906,82,1.101219512195122
FAIRY TALE COTTAGE NIGHT LIGHT,1717.1999999999998,912,81,1.9390243902439024
IVORY EMBROIDERED QUILT ,1715.9,46,25,38.102000000000004
SET OF 12 T-LIGHTS VINTAGE DOILY,1715.85,915,70,1.9285714285714286
EASTER TIN KEEPSAKE,1713.8999999999999,1078,110,1.6445945945945943
MINIATURE ANTIQUE ROSE HOOK IVORY,1711.5500000000002,2065,230,0.829620253164557
FELTCRAFT BOY JEAN-PAUL KIT,1711.23,349,117,4.9796581196581196
MONSTERS STENCIL CRAFT,1710.42,1390,190,1.2651052631578947
METAL SIGN EMPIRE TEA,1706.8100000000002,1495,183,1.5037297297297296
12 PENCILS TALL TUBE SKULLS,1705.6599999999999,2014,215,0.8494036697247705
CARD DOLLY GIRL ,1701.21,4271,213,0.4355868544600939
PEACE WOODEN BLOCK LETTERS,1699.66,342,103,6.1648571428571435
STRAWBERRY RAFFIA FOOD COVER,1695.15,493,92,3.723913043478261
TEA PARTY BIRTHDAY CARD,1692.71,4141,262,0.42441064638783266
KINGS CHOICE GIANT TUBE MATCHES,1691.25,731,66,2.502272727272727
WRAP SUKI AND FRIENDS,1687.5,4075,134,0.41955223880597015
PINK  HEART SHAPE LOVE BUCKET ,1686.5200000000002,1016,103,2.743009708737864
HOT STUFF HOT WATER BOTTLE,1686.15,527,67,3.437761194029851
GEORGIAN TRINKET BOX,1681.5,141,59,12.408474576271187
RED RETROSPOT OVEN GLOVE DOUBLE,1678.5500000000002,569,138,2.95
LED TEA LIGHTS,1676.35,595,54,2.8754545454545455
LAVENDER SCENTED FABRIC HEART,1674.03,1327,128,1.3224806201550388
PACK OF 20 SKULL PAPER NAPKINS,1672.6899999999998,2065,205,0.8464903846153846
KNICKERBOCKERGLORY MAGNET ASSORTED ,1669.38,2094,111,0.8220720720720721
WOODEN TREE CHRISTMAS SCANDINAVIAN,1664.2899999999997,4805,276,0.40540069686411145
PACK OF 6 SKULL PAPER PLATES,1663.3,2194,147,0.8401342281879194
AFGHAN SLIPPER SOCK PAIR,1662.95,511,19,3.4236842105263157
MINI CAKE STAND  HANGING STRAWBERY,1661.78,1246,142,1.4532876712328766
I CAN ONLY PLEASE ONE PERSON MUG,1658.89,1349,137,1.2472661870503599
LOVE HEART POCKET WARMER,1656.05,2619,78,1.2315
REGENCY TEA SPOON,1651.8,1392,60,1.2289999999999999
SET 12 KIDS  WHITE CHALK STICKS,1651.14,4090,186,0.4275268817204301
DOORMAT NEIGHBOURHOOD WITCH ,1645.67,253,70,8.289
BROCANTE SHELF WITH HOOKS,1645.45,155,69,10.726811594202898
TEA TIME TABLE CLOTH,1642.68,180,26,10.400769230769232
VINTAGE PAISLEY STATIONERY SET,1640.29,1151,199,1.5270243902439025
DOCTOR'S BAG SOFT TOY,1640.1799999999998,174,66,9.749393939393938
VINTAGE BILLBOARD LOVE/HATE MUG,1637.71,1535,125,1.2177777777777778
GREEN POLKADOT BOWL,1632.81,1360,149,1.2517333333333334
MINI JIGSAW SPACEBOY,1627.04,4411,124,0.41056
3 RAFFIA RIBBONS 50'S CHRISTMAS ,1624.5,1782,134,0.9046666666666667
GREEN POLKADOT PLATE ,1618.03,1011,100,1.6963366336633663
ROTATING LEAVES T-LIGHT HOLDER,1617.23,1222,126,1.3704651162790698
SET OF 2 CERAMIC PAINTED HEARTS ,1612.85,1157,118,1.4433884297520663
RED METAL BEACH SPADE ,1612.42,1288,143,1.2668055555555555
PETIT TRAY CHIC,1606.73,993,117,1.728974358974359
GENTLEMAN SHIRT REPAIR KIT ,1602.72,1992,94,0.8942553191489362
JINGLE BELL HEART ANTIQUE GOLD,1599.8700000000001,760,91,2.1882608695652173
WHITE JEWELLED HEART DECORATION,1594.5,1968,108,0.8562608695652174
ROSE 3 WICK MORRIS BOX CANDLE,1592.7,1090,107,2.2063963963963964
SET OF 12  VINTAGE POSTCARD SET,1590.12,2128,113,1.0183185840707965
HEART DECORATION WITH PEARLS ,1586.46,1873,152,0.86656050955414
BASKET OF TOADSTOOLS,1574.98,1322,77,1.2475641025641027
T-LIGHT HOLDER SWEETHEART HANGING,1574.6399999999999,822,126,1.9896850393700787
12 PENCILS TALL TUBE WOODLAND,1571.6499999999999,1849,208,0.85
POMPOM CURTAIN,1570.15,337,46,5.645652173913043
SILVER STARS TABLE DECORATION,1569.6200000000001,1942,190,0.8265445026178011
LAUREL HEART ANTIQUE SILVER,1567.0,1290,84,1.4022093023255815
DAIRY MAID LARGE MILK JUG,1563.75,321,124,4.9332
SET 36 COLOURING PENCILS DOILY,1562.6100000000001,1289,102,1.246346153846154
POLYESTER FILLER PAD 45x45cm,1562.4,1008,133,1.55
BIRD HOUSE HOT WATER BOTTLE,1562.06,617,154,2.5775308641975307
SKULLS PARTY BAG + STICKER SET,1561.05,981,129,1.6438461538461537
COFFEE MUG PINK PAISLEY DESIGN,1559.44,684,44,2.693863636363636
3 ROSE MORRIS BOXED CANDLES,1555.64,1068,131,1.798695652173913
SMALL MARSHMALLOWS PINK BOWL,1553.25,3285,288,0.49737373737373736
ROBOT BIRTHDAY CARD,1552.96,3747,257,0.42065891472868217
PARTY CHARMS 50 PIECES,1552.65,2091,94,0.8202061855670103
ROUND STORAGE TIN VINTAGE LEAF,1552.5099999999998,853,96,1.9766666666666666
RETROSPOT WOODEN HEART DECORATION,1552.22,1850,164,0.8615384615384615
BLUE REFECTORY CLOCK ,1547.95,161,70,9.872857142857141
FAIRY CAKE BIRTHDAY CANDLE SET,1547.4,428,84,3.7309523809523806
HOME SWEET HOME HANGING HEART,1539.6299999999999,1815,176,0.8492972972972973
RED POLKADOT BEAKER ,1538.62,3822,114,0.4419298245614035
YELLOW GIANT GARDEN THERMOMETER,1535.5700000000002,251,88,6.382499999999999
HEART T-LIGHT HOLDER WILLIE WINKIE,1533.8400000000001,928,97,1.6793877551020406
SKULL AND CROSSBONES  GARLAND ,1532.25,981,84,1.6288235294117646
FRENCH TOILET SIGN BLUE METAL,1531.71,1270,144,1.2543537414965986
REGENCY MIRROR WITH SHUTTERS,1530.0,10,7,156.42857142857142
ENAMEL FIRE BUCKET CREAM,1528.73,221,92,7.015
MAGNETS PACK OF 4 SWALLOWS,1528.29,2544,228,0.6372294372294371
BAKING MOULD EASTER EGG WHITE CHOC,1527.2,560,69,2.9152173913043478
HANGING  BUTTERFLY T-LIGHT HOLDER,1526.62,1310,66,1.2280597014925374
SET 36 COLOUR PENCILS DOLLY GIRL,1520.22,1294,99,1.2426213592233009
SKULLS  WATER TRANSFER TATTOOS ,1519.85,1869,113,0.8447368421052631
HANGING CHICK  YELLOW DECORATION,1515.6499999999999,1085,88,1.4478260869565216
DAISY GARDEN MARKER,1513.1,1078,54,1.2585185185185184
BALLOON PUMP WITH 10 BALLOONS,1511.48,774,112,1.9694642857142857
BOTTLE BAG RETROSPOT ,1510.89,1038,105,1.9532380952380952
PACK OF 12 WOODLAND TISSUES ,1508.87,5281,190,0.3369270833333333
DOG BOWL VINTAGE CREAM,1507.92,354,108,4.248796296296296
GLASS JAR DAISY FRESH COTTON WOOL,1507.3500000000001,537,123,2.9370967741935488
PACK OF 12 SKULL TISSUES,1504.9799999999998,5162,173,0.32386363636363635
TEA FOR ONE POLKADOT,1502.01,341,104,4.628846153846154
"DIAMANTE HEART SHAPED WALL MIRROR, ",1490.65,267,38,10.328947368421053
CAKE STAND LOVEBIRD 2 TIER WHITE,1489.55,213,74,8.397297297297296
SWEETHEART WIRE FRUIT BOWL,1489.3,197,79,8.127215189873418
BULL DOG BOTTLE TOP WALL CLOCK,1484.25,185,69,8.184782608695652
OFFICE MUG WARMER PINK,1482.89,553,54,2.8417857142857144
FAIRY CAKE DESIGN UMBRELLA,1482.87,411,95,3.820315789473684
CHRISTMAS GINGHAM TREE,1480.06,1744,125,0.9222222222222223
RED COAT RACK PARIS FASHION,1479.69,327,95,4.926
FILIGREE HEART DAISY WHITE,1478.59,1199,71,1.24125
PINK HANGING HEART T-LIGHT HOLDER,1476.13,823,66,3.186060606060606
POSTE FRANCE CUSHION COVER,1470.0,392,119,3.75
ROMANTIC PINKS RIBBONS ,1468.85,1196,205,1.2548571428571427
FRENCH LAUNDRY SIGN BLUE METAL,1463.66,918,103,1.7098058252427184
WHITE TALL PORCELAIN T-LIGHT HOLDER,1461.15,669,52,2.503846153846154
DANISH ROSE PHOTO FRAME,1460.81,1423,99,1.3489898989898987
ANGEL DECORATION 3 BUTTONS ,1455.84,3528,111,0.4194782608695652
COSY HOUR CIGAR BOX MATCHES ,1451.3899999999999,1183,143,1.2487333333333333
 I LOVE LONDON MINI BACKPACK,1449.8500000000001,359,68,4.138405797101449
CREAM FELT EASTER EGG BASKET,1446.9,914,103,1.6423076923076922
STRAWBERRY HONEYCOMB  GARLAND ,1446.6,1220,75,1.5487012987012987
RED VINTAGE SPOT BEAKER,1445.5,1774,146,0.845608108108108
VINTAGE UNION JACK PENNANT,1444.95,741,74,1.95
COWBOYS AND INDIANS BIRTHDAY CARD ,1444.75,3581,203,0.4317241379310345
OFFICE MUG WARMER POLKADOT,1443.1900000000003,499,93,3.016595744680851
ROCOCO WALL MIRROR WHITE,1442.25,75,43,19.740697674418605
HEN HOUSE DECORATION,1442.1000000000001,874,99,1.65
SET/3 OCEAN SCENT CANDLE JEWEL BOX,1435.0,348,78,4.2335
OFFICE MUG WARMER CHOC+BLUE,1431.14,516,93,3.0390526315789477
MAGIC DRAWING SLATE DOLLY GIRL ,1430.7,3511,181,0.4160655737704918
CITRONELLA CANDLE FLOWERPOT,1429.2,692,125,2.098031496062992
LADS ONLY TISSUE BOX,1427.59,1571,102,0.6488990825688074
SET OF 4 SANTA PLACE SETTINGS,1427.34,1158,91,1.2477659574468085
FOLDING BUTTERFLY MIRROR HOT PINK ,1427.16,1838,128,0.8349612403100775
12 EGG HOUSE PAINTED WOOD,1425.27,111,64,12.91265625
POTTING SHED ROSE CANDLE,1423.0300000000002,445,7,3.0157142857142856
GLASS JAR DIGESTIVE BISCUITS,1421.1200000000001,516,95,2.9970833333333338
BLUE OWL SOFT TOY,1420.4,488,98,2.946
FRENCH KITCHEN SIGN BLUE METAL,1420.14,1173,123,1.30352
PAPER CHAIN KIT SKULLS ,1415.65,507,73,2.9283783783783788
WHEELBARROW FOR CHILDREN ,1406.4,112,67,12.72313432835821
SPACEBOY CHILDRENS EGG CUP,1405.97,1118,142,1.2752083333333333
CARD MOTORBIKE SANTA,1405.08,3402,176,0.41830508474576267
SET/3 ROSE CANDLE IN JEWELLED BOX,1402.03,339,66,4.230298507462686
APPLE BATH SPONGE,1397.99,1100,122,1.32744
DISCO BALL CHRISTMAS DECORATION,1397.04,12618,181,0.11847826086956523
CAT BOWL VINTAGE CREAM,1396.95,431,101,3.247029702970297
SET 12 COLOUR PENCILS DOLLY GIRL ,1396.4,2152,178,0.6494505494505495
WHITE BELL HONEYCOMB PAPER ,1390.2,924,39,1.6214285714285712
CLASSIC FRENCH STYLE BASKET GREEN ,1388.65,331,70,4.59
CAST IRON HOOK GARDEN FORK,1371.4299999999998,513,14,2.57
LARGE POPCORN HOLDER ,1370.45,873,53,1.6273584905660377
GLAMOROUS  MUG,1365.73,1265,119,1.3589166666666666
SMALL HEART FLOWERS HOOK ,1365.5,1654,114,0.8574782608695652
WRAP PAISLEY PARK ,1365.0,3250,120,0.42
CHILDRENS TOY COOKING UTENSIL SET,1363.16,676,122,2.0706451612903227
EMPIRE GIFT WRAP,1363.0,3350,105,0.41790476190476183
3D CHRISTMAS STAMPS STICKERS ,1361.95,1075,105,1.350943396226415
12 COLOURED PARTY BALLOONS,1359.65,2089,139,0.6626760563380282
PENCIL CASE LIFE IS BEAUTIFUL,1359.3500000000001,469,93,3.0577551020408165
ZINC  STAR T-LIGHT HOLDER ,1357.79,1183,35,1.232
3 WHITE CHOC MORRIS BOXED CANDLES,1357.44,880,90,2.0891304347826085
WOODEN REGATTA BUNTING,1356.6000000000001,228,96,5.95
TOOL BOX SOFT TOY ,1350.24,144,82,9.511951219512193
CITRONELLA CANDLE GARDEN POT,1348.75,1079,126,1.25
ZINC BOX SIGN HOME,1348.01,139,62,9.90290322580645
MAGIC DRAWING SLATE CIRCUS PARADE  ,1347.66,3291,163,0.4196341463414634
PACK OF 6 HANDBAG GIFT BOXES,1346.4,528,77,2.55
IVORY WICKER HEART SMALL,1345.5,2154,95,0.6284158415841584
S/4 PINK FLOWER CANDLES IN BOWL,1344.89,805,125,1.7115384615384615
RED RETROSPOT PUDDING BOWL,1337.5,326,57,4.232456140350878
KINGS CHOICE TEA CADDY ,1335.38,454,110,2.9975675675675677
CHARLIE + LOLA RED HOT WATER BOTTLE,1333.15,651,130,2.6450000000000005
KINGS CHOICE BISCUIT TIN,1332.6,324,87,4.2058620689655175
IVORY CAFE HANGING LAMP ,1330.5,114,43,12.304651162790698
VINTAGE RED TRIM ENAMEL BOWL ,1328.59,1079,87,1.2475862068965518
WRAP VINTAGE PETALS  DESIGN,1327.5,3275,104,0.4176923076923077
CARD BIRTHDAY COWBOY,1324.89,3367,155,0.4206451612903226
CARD HOLDER LOVE BIRD LARGE ,1323.4,220,75,6.2156
FRYING PAN RED RETROSPOT,1323.0,382,97,3.7963917525773194
SET OF 3 BABUSHKA STACKING TINS,1321.6499999999999,267,9,4.95
GIN & TONIC DIET GREETING CARD ,1320.9,3217,191,0.4178010471204188
DRAWER KNOB CERAMIC BLACK,1314.95,935,78,1.4425
SET/6 PURPLE BUTTERFLY T-LIGHTS,1314.7800000000002,687,91,2.0823655913978496
STRAWBERRY CERAMIC TRINKET POT,1312.04,1036,75,1.3380263157894736
WOODLAND DESIGN  COTTON TOTE BAG,1311.75,583,82,2.25
DIAMANTE RING ASSORTED IN BOX.,1311.3600000000001,1008,22,1.3472727272727274
DINOSAUR KEYRINGS ASSORTED,1310.25,6354,131,0.21227272727272728
HANGING HEN ON NEST DECORATION,1310.1,794,87,1.65
MAGNETS PACK OF 4 CHILDHOOD MEMORY,1309.9,1130,87,1.2390804597701148
CARD CHRISTMAS VILLAGE,1309.32,3138,162,0.4192592592592593
PANTRY PASTRY BRUSH,1307.05,1044,146,1.3150000000000002
WICKER WREATH LARGE,1303.4599999999998,692,123,1.989375
6 RIBBONS EMPIRE  ,1302.72,1034,113,1.4291150442477873
STRAWBERRY BATH SPONGE ,1301.86,1026,127,1.316171875
CHRISTMAS RETROSPOT STAR WOOD,1301.84,1538,143,0.8924305555555555
FRENCH BLUE METAL DOOR SIGN 1,1301.14,1038,138,1.2758695652173913
CHRISTMAS TABLE SILVER CANDLE SPIKE,1301.05,1603,74,0.8368421052631578
BAG 500g SWIRLY MARBLES,1299.21,1377,110,1.5144642857142858
BEADED CHANDELIER T-LIGHT HOLDER,1298.44,596,34,4.523235294117647
CHOCOLATE CALCULATOR,1296.83,779,115,1.7348275862068965
SMALL WHITE RETROSPOT MUG IN BOX ,1295.04,710,72,3.628243243243243
36 DOILIES DOLLY GIRL,1294.85,893,74,1.45
SILVER MUG BONE CHINA TREE OF LIFE,1290.57,1126,99,1.1482178217821781
"SWISS ROLL TOWEL, CHOCOLATE  SPOTS",1290.3,788,50,2.1598039215686278
SET OF 4 ENGLISH ROSE COASTERS,1289.34,1058,144,1.2722602739726028
CARD I LOVE LONDON ,1286.92,3249,149,0.42146666666666666
IVORY CHANDELIER T-LIGHT HOLDER,1286.72,560,36,5.562894736842105
APRON APPLE DELIGHT,1286.65,267,62,4.938709677419355
METAL DECORATION NAUGHTY CHILDREN ,1284.86,1454,98,0.9241346153846154
RED RETROSPOT SHOPPING BAG,1284.66,510,77,2.7124675324675325
CIRCUS PARADE CHILDRENS EGG CUP ,1282.34,1022,112,1.26070796460177
FOLKART STAR CHRISTMAS DECORATIONS,1281.1599999999999,3016,85,0.48772727272727273
CABIN BAG VINTAGE PAISLEY,1279.2,64,16,23.95
HANGING HEART MIRROR DECORATION ,1276.85,1969,170,0.6648351648351648
PACK OF 6 LARGE FRUIT STRAWS ,1275.71,2155,116,0.6479310344827586
TRAVEL CARD WALLET TRANSPORT,1274.76,3042,205,0.41970873786407764
WALL ART VINTAGE HEART,1273.92,326,27,4.78925925925926
MULTICOLOUR HONEYCOMB PAPER GARLAND,1272.9,1010,39,1.5012820512820513
ROSE SCENT CANDLE IN JEWELLED BOX,1271.67,315,55,4.3878571428571425
FLOWER VINE RAFFIA FOOD COVER,1271.13,336,114,3.8476315789473685
PACK OF 12 50'S CHRISTMAS TISSUES,1270.59,3413,144,0.3890728476821192
MEDINA STAMPED METAL STOOL,1268.3500000000001,33,18,39.672222222222224
BOX OF 6 ASSORTED COLOUR TEASPOONS,1267.99,295,73,4.402876712328767
CARD CIRCUS PARADE,1267.23,3076,214,0.4243457943925234
HANGING FAIRY CAKE DECORATION,1262.1000000000001,724,31,2.0006060606060605
PARTY CONE CHRISTMAS DECORATION ,1260.53,1505,88,0.8485714285714285
MOUSE TOY WITH PINK T-SHIRT,1256.3,334,120,3.765573770491803
CARD HOLDER LOVE BIRD SMALL,1255.76,320,63,4.122698412698413
VINTAGE RED ENAMEL TRIM PLATE,1254.9,778,67,1.6440298507462685
PACK OF 6 SKULL PAPER CUPS,1254.74,2050,147,0.6476315789473684
BALLOONS  WRITING SET ,1253.95,755,187,1.6847089947089946
COFFEE MUG BLUE PAISLEY DESIGN,1252.76,738,47,2.6125531914893614
ASS FLORAL PRINT MULTI SCREWDRIVER,1251.61,2730,161,0.503855421686747
SAVOY ART DECO CLOCK,1251.25,231,45,7.7411111111111115
CARDHOLDER GINGHAM CHRISTMAS TREE,1250.84,374,63,3.7039682539682537
POTTING SHED CANDLE CITRONELLA,1250.82,402,2,2.88
SUNSET CHECK HAMMOCK,1249.65,167,40,7.8
PAPER LANTERN 9 POINT SNOW STAR ,1249.5,234,32,5.726470588235294
4 VANILLA BOTANICAL CANDLES,1247.5,896,121,1.6188524590163935
HEART DECORATION PAINTED ZINC ,1246.3,2018,123,0.66015625
PAPER CHAIN KIT LONDON,1243.99,437,81,2.975185185185185
CHERRY BLOSSOM  DECORATIVE FLASK,1242.72,336,94,3.7348421052631577
VINTAGE CHRISTMAS PAPER GIFT BAG,1241.6599999999999,1563,88,0.8177272727272726
REINDEER HEART DECORATION SILVER,1241.5900000000001,1461,110,0.9132456140350877
CLASSIC FRENCH STYLE BASKET BROWN,1240.44,296,66,4.293582089552239
WHITE HANGING BEADS CANDLE HOLDER,1239.5,238,47,5.3999999999999995
TV DINNER TRAY VINTAGE PAISLEY,1239.3899999999999,437,79,4.238607594936709
PLAYING CARDS I LOVE LONDON ,1238.5,1058,104,1.2420754716981133
SET OF 4 KNICK KNACK TINS LEAVES ,1237.2,304,53,4.1273584905660385
MAKE YOUR OWN PLAYTIME CARD KIT,1236.2400000000002,624,88,2.6263636363636365
SAVE THE PLANET COTTON TOTE BAG,1235.25,549,116,2.25
LIPSTICK PEN RED,1232.34,2803,157,0.44703703703703707
PIG KEYRING WITH LIGHT & SOUND ,1231.34,1316,42,1.0452380952380953
PINK PAPER PARASOL ,1230.5800000000002,422,78,3.017692307692308
WOOD STAMP SET THANK YOU,1229.1200000000001,1283,199,0.9914146341463413
CHARLIE & LOLA WASTEPAPER BIN FLORA,1228.25,977,106,1.4042056074766356
FRENCH ENAMEL POT W LID,1227.41,549,87,2.784772727272727
FRIDGE MAGNETS US DINER ASSORTED,1226.3999999999999,1482,88,0.8563636363636363
TV DINNER TRAY DOLLY GIRL,1224.17,291,80,4.759
GLASS JAR MARMALADE ,1223.99,453,57,2.971016949152543
MIRROR CORNICE,1223.25,83,55,14.909999999999998
YELLOW COAT RACK PARIS FASHION,1222.74,270,90,4.9326373626373625
CALENDAR IN SEASON DESIGN,1222.54,477,67,2.7483823529411766
PORCELAIN ROSE SMALL,1218.36,1560,46,0.9093478260869565
SWALLOW WOODEN CHRISTMAS DECORATION,1217.78,1418,125,0.8913178294573643
SILK PURSE BABUSHKA PINK,1214.3300000000002,364,87,3.3252272727272727
SET/10 IVORY POLKADOT PARTY CANDLES,1213.31,973,97,1.2374
SKULL DESIGN TV DINNER TRAY,1211.1000000000001,278,109,4.637272727272728
FRYING PAN PINK POLKADOT,1209.54,326,76,3.886883116883117
DAIRY MAID TRADITIONAL TEAPOT ,1209.2,176,86,6.926744186046512
GROW YOUR OWN HERBS SET OF 3,1208.4,152,80,7.95
PENS ASSORTED SPACEBALL,1206.2,5564,118,0.27487394957983197
OVERNIGHT BAG VINTAGE ROSE PAISLEY,1202.85,243,82,4.95
SINGLE WIRE HOOK IVORY HEART,1201.8999999999999,870,75,1.4448051948051948
WALL ART VILLAGE SHOW ,1201.6100000000001,227,56,5.913035714285714
Next Day Carriage,1200.0,79,79,15.189873417721518
SCHOOL DESK AND CHAIR ,1199.75,19,13,63.91538461538461
SET OF 16 VINTAGE PISTACHIO CUTLERY,1198.5,94,48,12.75
PENNY FARTHING BIRTHDAY CARD,1198.45,2903,185,0.4309677419354839
4 LAVENDER BOTANICAL DINNER CANDLES,1193.75,839,100,1.6868932038834952
HERB MARKER ROSEMARY,1191.15,1851,190,0.649476439790576
UNION JACK FLAG PASSPORT COVER ,1190.3400000000001,609,96,2.0748979591836734
MAGIC SHEEP WOOL GROWING FROM PAPER,1190.0,1212,94,1.0826315789473684
SET OF 4 ROSE BOTANICAL CANDLES,1188.75,795,124,1.746031746031746
GARLAND WITH STARS AND BELLS,1187.1000000000001,250,40,4.898780487804878
VINTAGE UNION JACK DOORSTOP,1184.8500000000001,203,82,5.9261904761904765
HANGING CHICK GREEN DECORATION,1184.6499999999999,817,82,1.45
TOY TIDY DOLLY GIRL DESIGN,1178.18,642,102,2.1175490196078433
GROW YOUR OWN FLOWERS SET OF 3,1177.8,292,74,6.295945945945946
SET 12 COLOURING PENCILS DOILY,1177.1000000000001,1870,137,0.6492857142857144
PAPER BUNTING VINTAGE PARTY,1175.0,420,42,2.930952380952381
6 ROCKET BALLOONS ,1172.9,1762,156,0.690625
WRAP CIRCUS PARADE,1171.34,2827,100,0.4192
ORGANISER WOOD ANTIQUE WHITE ,1171.3,139,75,8.488666666666667
"FEATHER PEN,COAL BLACK",1170.8999999999999,2438,110,0.5413513513513514
HERB MARKER THYME,1168.4,1816,186,0.649476439790576
"KEY FOB , FRONT  DOOR ",1168.28,1902,161,0.6784146341463415
MARIE ANTOINETTE TRINKET BOX GOLD,1167.6,312,16,10.185294117647059
SPACEBOY ROCKET LOLLY MAKERS,1165.28,587,78,2.0726582278481014
12 PENCILS TALL TUBE POSY,1161.1799999999998,3782,167,0.3644508670520231
FIVE HEART HANGING DECORATION,1161.0000000000002,396,89,2.941111111111111
HEART CALCULATOR,1155.88,1013,87,1.2791304347826087
METAL MERRY CHRISTMAS WREATH,1154.25,619,76,1.9383116883116882
SET/4 SPRING FLOWER DECORATION,1151.8,1040,93,1.6627659574468086
PACK OF 20 SPACEBOY NAPKINS,1150.3799999999999,1488,114,0.8474782608695651
WRAP DOLLY GIRL,1149.5,2775,99,0.41919191919191917
ENGLISH ROSE NOTEBOOK A7 SIZE,1147.0,2729,221,0.42364444444444443
SET OF 4 DIAMOND NAPKIN RINGS,1146.97,145,22,9.359545454545454
SET OF 72 SKULL PAPER  DOILIES,1143.35,815,66,1.4440298507462686
VINTAGE SEASIDE JIGSAW PUZZLES,1142.53,305,89,3.8293258426966292
LARGE ROUND WICKER PLATTER ,1142.4,192,89,5.95
POLKADOT COFFEE CUP & SAUCER PINK,1142.29,1435,63,0.795625
"KEY FOB , GARAGE DESIGN",1140.6200000000001,1870,103,0.6477142857142858
"KEY FOB , BACK DOOR ",1140.26,1742,234,0.6779668049792532
IVORY WIRE KITCHEN ORGANISER,1137.65,116,36,10.330555555555556
HANGING ENGRAVED METAL HEART,1137.1000000000001,274,71,4.15
"WHITE TEA,COFFEE,SUGAR JARS",1134.5,622,59,2.090677966101695
SANDALWOOD FAN,1132.3,1558,70,0.8362857142857143
DOLLY GIRL CHILDRENS EGG CUP,1131.21,904,111,1.2608035714285715
PACK OF 12 PINK POLKADOT TISSUES,1129.79,3985,155,0.33987261146496817
FOLDING UMBRELLA RED/WHITE POLKADOT,1129.63,228,68,5.076764705882353
WOODLAND BUNNIES LOLLY MAKERS,1129.28,563,75,2.0722666666666667
ANTIQUE ALL GLASS CANDLESTICK,1129.1,565,80,2.085
MINI PLAYING CARDS BUFFALO BILL ,1128.18,2839,101,0.41834862385321103
HOME SWEET HOME 2 DRAWER CABINET,1128.05,235,57,4.908620689655172
LOVE LARGE WOOD LETTERS ,1127.85,91,54,12.716666666666667
CHRISTMAS METAL POSTCARD WITH BELLS,1125.94,2704,57,0.519
CERAMIC PIRATE CHEST MONEY BANK,1122.95,791,106,1.4424528301886792
SNOWFLAKE PORTABLE TABLE LIGHT ,1122.19,365,80,3.1924390243902443
HERB MARKER PARSLEY,1119.15,1771,187,0.6489473684210527
EUCALYPTUS & PINECONE  WREATH,1118.65,311,37,4.366216216216216
GIN AND TONIC DIET METAL SIGN,1118.46,474,37,2.5118918918918918
NATURAL HANGING QUILTED HEARTS ,1113.13,1427,67,0.8252173913043478
LARGE CAKE STAND HANGING HEARTS,1111.05,231,34,5.28
CHARLIE+LOLA PINK HOT WATER BOTTLE,1107.01,447,105,2.7401886792452834
CERAMIC BOWL WITH STRAWBERRY DESIGN,1106.5500000000002,537,81,2.7042857142857146
MINI PLAYING CARDS SPACEBOY ,1106.28,2694,127,0.41909090909090907
CERAMIC CAKE DESIGN SPOTTED PLATE,1104.8899999999999,757,76,1.483684210526316
SMALL RED BABUSHKA NOTEBOOK ,1104.74,1800,194,0.7683505154639175
BLUE POLKADOT GARDEN PARASOL,1104.6,148,51,7.8088235294117645
ASSORTED BOTTLE TOP  MAGNETS ,1104.3600000000001,2928,133,0.39932835820895524
EMERGENCY FIRST AID TIN ,1102.64,890,119,1.3484873949579832
VINTAGE EMBOSSED HEART,1102.46,886,84,1.2475
SET OF 36 DOILIES SPACEBOY DESIGN ,1102.3999999999999,800,56,1.4428571428571428
DINOSAUR PARTY BAG + STICKER SET,1101.44,684,91,1.663478260869565
BIRDS MOBILE VINTAGE DESIGN,1100.21,183,69,6.1146376811594205
MARIE ANTOINETTE TRINKET BOX SILVER,1099.0,326,22,10.772727272727273
RIBBON REEL SOCKS AND MITTENS,1097.88,668,86,1.7409090909090907
SET OF 6 3D KIT CARDS FOR KIDS,1097.73,1311,147,0.8744370860927152
MEASURING TAPE BABUSHKA PINK,1094.8000000000002,388,66,2.8935294117647063
BLUE POLKADOT BEAKER ,1094.34,2806,78,0.39
4 PEAR BOTANICAL DINNER CANDLES,1093.75,755,104,1.6898148148148149
TV DINNER TRAY AIR HOSTESS ,1092.73,359,64,4.3521875
FRENCH BLUE METAL DOOR SIGN 2,1092.51,874,113,1.2601769911504426
CHERUB HEART DECORATION SILVER ,1089.6000000000001,1296,69,0.9579710144927536
HANGING PHOTO CLIP ROPE LADDER,1089.58,690,52,1.8553846153846152
CHRISTMAS RETROSPOT TREE WOOD,1088.1299999999999,1293,125,0.89
KITCHEN METAL SIGN,1087.46,1954,220,0.5614864864864865
WALL ART LOVES' SECRET ,1082.1100000000001,229,33,5.788181818181818
ANT WHITE WIRE HEART SPIRAL,1076.66,286,64,4.028125
BIG DOUGHNUT FRIDGE MAGNETS,1076.1,1266,85,0.85
EMBROIDERED RIBBON REEL DAISY ,1075.3799999999999,558,59,2.0655
ASSORTED CREEPY CRAWLIES,1073.47,2551,88,0.4382222222222222
EMBROIDERED RIBBON REEL SUSIE ,1072.96,556,62,2.0706451612903227
HERB MARKER MINT,1070.25,1665,191,0.6494845360824743
GLITTER HEART GARLAND WITH BELLS ,1068.59,288,58,3.793833333333333
RED RETROSPOT STORAGE JAR,1067.1,298,45,3.7040425531914893
LAVENDER TOILETTE BOTTLE,1066.88,533,60,2.0655
SET OF 2 CERAMIC CHRISTMAS TREES,1065.3999999999999,748,76,1.4474025974025975
CARD GINGHAM ROSE ,1063.66,2654,140,0.42157142857142854
50'S CHRISTMAS PAPER GIFT BAG,1059.9399999999998,1317,88,0.8188636363636363
VINTAGE BILLBOARD MUG ,1058.54,1032,77,1.3275641025641025
GLITTER HEART DECORATION,1056.34,2434,129,0.463049645390071
HERB MARKER CHIVES ,1055.95,1643,166,0.6494011976047904
DOLLY GIRL WALL ART,1055.94,318,11,3.6090909090909093
GLITTER CHRISTMAS STAR ,1053.46,2462,118,0.49283464566929136
LARGE CHINESE STYLE SCISSOR,1053.45,1273,65,0.8460000000000001
SET 36 COLOUR PENCILS LOVE LONDON,1053.29,901,95,1.2441836734693879
 OVAL WALL MIRROR DIAMANTE ,1050.0,120,58,9.84655172413793
MINI JIGSAW DOLLY GIRL,1049.1499999999999,2821,85,0.403448275862069
CHARLIE AND LOLA TABLE TINS,1048.35,513,60,2.75
EMBROIDERED RIBBON REEL EMILY ,1046.42,524,85,2.0732558139534887
PRETTY HANGING QUILTED HEARTS,1045.2,1272,70,0.8268571428571428
AIRLINE BAG VINTAGE JET SET BROWN,1043.3,250,96,4.234375
70'S ALPHABET WALL ART,1043.1,150,15,7.986
PAPER LANTERN 9 POINT SNOW STAR,1040.1,246,46,4.289130434782609
ROCKING HORSE GREEN CHRISTMAS ,1039.24,1252,126,0.847984496124031
TRAVEL CARD WALLET UNION JACK,1038.9,2477,181,0.41967032967032963
JUNGLE POPSICLES ICE LOLLY MOULDS,1038.66,831,96,1.320204081632653
FAUX FUR CHOCOLATE THROW,1035.75,65,34,18.008823529411764
SET OF 16 VINTAGE BLACK CUTLERY,1035.06,87,22,13.141363636363637
DISCO BALL ROTATOR BATTERY OPERATED,1034.0,244,102,4.245098039215686
GARLAND WITH HEARTS AND BELLS,1032.15,217,42,4.9
FRIDGE MAGNETS LES ENFANTS ASSORTED,1031.85,1269,75,0.8448
LOVE HEART TRINKET POT,1029.1399999999999,2232,131,0.6193333333333333
WRAP  VINTAGE DOILY ,1029.0,2450,93,0.41999999999999993
EMBROIDERED RIBBON REEL SOPHIE  ,1025.01,291,40,3.7280952380952384
HOME SMALL WOOD LETTERS,1024.65,207,90,4.95
VINTAGE BILLBOARD DRINK ME MUG,1020.98,845,107,1.2314678899082567
SMALL HAMMERED SILVER CANDLEPOT ,1020.7000000000002,346,43,2.95
NO JUNK MAIL METAL SIGN,1019.5899999999999,1783,166,0.7450000000000001
DRAWER KNOB VINTAGE GLASS STAR,1016.97,503,53,2.106727272727273
VINTAGE UNION JACK SHOPPING BAG,1016.85,219,40,4.898780487804878
 TRELLIS COAT RACK,1016.5500000000001,217,46,4.915957446808511
WALL ART MID CENTURY MODERN ,1015.78,164,20,7.523000000000001
SET OF 6 KASHMIR FOLKART BAUBLES,1014.75,563,71,2.1555555555555554
ROSE 1 WICK MORRIS BOXED CANDLE,1013.52,726,76,2.3345569620253164
MINI PLAYING CARDS DOLLY GIRL ,1013.0400000000001,2472,106,0.4189473684210526
HANGING CLEAR MINI BOTTLE,1012.02,1710,34,0.6185714285714285
SMALL PURPLE BABUSHKA NOTEBOOK ,1010.23,1574,193,0.7906666666666667
SPACEBOY TV DINNER TRAY,1009.04,244,83,4.597469879518073
"AIRLINE LOUNGE,METAL SIGN",1007.21,495,149,2.0566442953020134
SWEETHEART WALL TIDY ,1007.0799999999999,108,43,9.900930232558139
MAGNETS PACK OF 4 VINTAGE COLLAGE,1005.7199999999999,1701,144,0.6233793103448276
HANGING QUILTED PATCHWORK APPLES,1003.1700000000001,1215,82,0.8286585365853659
I LOVE LONDON BEAKER,999.75,827,70,1.247605633802817
PACK OF 12 PINK PAISLEY TISSUES ,999.5999999999999,3294,157,0.3552830188679245
RED RETROSPOT PURSE ,998.2000000000002,340,73,2.944520547945206
FRENCH BLUE METAL DOOR SIGN No,997.2,859,73,1.2554794520547945
ZINC  HEART T-LIGHT HOLDER,997.1800000000001,830,49,1.237142857142857
MILK PAN RED RETROSPOT,996.13,310,91,3.556813186813187
MISELTOE HEART WREATH CREAM,996.0,240,1,4.15
PACK OF 12 VINTAGE CHRISTMAS TISSUE,995.4599999999999,2630,113,0.38940170940170943
SILVER HEARTS TABLE DECORATION,995.33,1231,139,0.8268794326241135
CHRISTMAS HANGING TREE WITH BELL,993.66,1857,85,0.7421348314606742
SET 12 COLOUR PENCILS LOVE LONDON,991.45,1529,128,0.649236641221374
HEART MINI PORTRAIT FRAME,990.9,510,81,1.9462962962962964
ANGEL DECORATION STARS ON DRESS,987.4200000000001,2399,86,0.4186813186813187
GLASS JAR PEACOCK BATH SALTS,987.23,349,81,3.015185185185185
RED FLOWER CROCHET FOOD COVER,982.49,267,91,3.8954945054945056
RIBBON REEL FLORA + FAUNA ,978.37,585,89,1.741111111111111
PENS ASSORTED FUNKY JEWELED ,977.89,4897,84,0.20833333333333334
DINOSAURS  WRITING SET ,975.1,586,168,1.688816568047337
PLACE SETTING WHITE STAR,967.13,2350,93,0.4318556701030928
VINTAGE KID DOLLY CARD ,966.07,2381,145,0.42758620689655175
"HOOK, 1 HANGER ,MAGIC GARDEN",965.26,1198,56,0.8431578947368421
BROWN CHECK CAT DOORSTOP ,965.0,233,94,4.220744680851064
CAKE STAND LOVEBIRD 2 TIER PINK,964.4,124,44,9.121590909090909
5 HOOK HANGER MAGIC TOADSTOOL,964.35,631,27,1.6277777777777775
CHARLIE + LOLA BISCUITS TINS,963.3499999999999,453,51,2.8911764705882352
FRIDGE MAGNETS LA VIE EN ROSE,963.3,1170,74,0.8464864864864865
CAST IRON HOOK GARDEN TROWEL,962.73,375,15,2.529333333333333
PIZZA PLATE IN BOX,962.48,291,69,3.5616666666666665
SET OF 2 CHRISTMAS DECOUPAGE CANDLE,961.4,1048,94,0.935
FOLDING BUTTERFLY MIRROR RED  ,961.2800000000001,1252,89,0.8228260869565218
PACK OF 12 SPACEBOY TISSUES,960.6099999999999,2955,170,0.34630057803468206
GREY FLORAL FELTCRAFT SHOULDER BAG,960.0,256,75,3.75
PACK OF 6 COCKTAIL PARASOL STRAWS,958.32,2460,87,0.41608695652173916
FRENCH GARDEN SIGN BLUE METAL,956.83,769,110,1.2683783783783784
SILVER RECORD COVER FRAME,955.86,272,19,4.398421052631579
TOAST ITS - I LOVE YOU ,955.4,772,107,1.2445454545454546
EMBROIDERED RIBBON REEL RACHEL ,954.93,357,41,2.870487804878049
DANISH ROSE ROUND SEWING BOX,951.79,811,62,2.2196774193548388
SET OF 16 VINTAGE SKY BLUE CUTLERY,951.3,78,30,12.69
"ART LIGHTS,FUNK MONKEY",950.45,355,47,2.85
LARGE RED BABUSHKA NOTEBOOK ,949.21,1008,113,1.1206194690265487
MEASURING TAPE BABUSHKA BLUE,948.7500000000001,333,46,2.9239130434782608
ZINC HEART FLOWER T-LIGHT HOLDER,947.18,760,57,1.306315789473684
WRAP GINGHAM ROSE ,943.92,2276,82,0.41926829268292676
DRAWER KNOB CERAMIC RED,943.75,679,59,1.4398305084745764
MUSICAL ZINC HEART DECORATION ,943.64,2498,113,0.4867521367521367
SMALL HANGING IVORY/RED WOOD BIRD,943.13,2227,157,0.44249999999999995
"FEATHER PEN,LIGHT PINK",941.3399999999999,1924,105,0.5336792452830189
POLKA DOT RAFFIA FOOD COVER,941.21,250,71,3.8022535211267603
CARDHOLDER GINGHAM STAR,940.49,323,57,3.1558620689655172
FRENCH BLUE METAL DOOR SIGN 3,939.93,750,102,1.2731372549019608
LARGE PURPLE BABUSHKA NOTEBOOK  ,939.52,1120,127,1.115625
YELLOW METAL CHICKEN HEART ,938.12,676,60,1.4821311475409835
WALL ART GARDEN HAVEN ,936.34,210,31,5.151935483870968
12 IVORY ROSE PEG PLACE SETTINGS,936.25,749,91,1.25
AIRLINE BAG VINTAGE WORLD CHAMPION ,935.33,221,101,4.318118811881188
GROW YOUR OWN PLANT IN A CAN ,934.26,762,33,1.2442424242424244
HOME SWEET HOME 3 PEG HANGER ,934.1700000000001,255,51,3.7409803921568625
KIDS RAIN MAC BLUE,933.53,1199,66,0.852686567164179
ASSORTED EASTER GIFT TAGS,933.26,1142,58,0.8455172413793103
TRAVEL CARD WALLET SUKI,932.88,2228,183,0.4193513513513513
WALL ART BUFFALO BILL ,932.6700000000001,321,29,3.6427586206896554
DECORATIVE WICKER HEART SMALL,932.28,1492,81,0.6290697674418605
SILVER PLATE CANDLE BOWL SMALL,932.2000000000002,316,39,2.95
EASTER TIN BUCKET,931.95,405,38,2.5026315789473683
RED RETROSPOT TISSUE BOX,930.04,2081,145,0.5692567567567568
FRENCH BLUE METAL DOOR SIGN 5,929.97,743,100,1.2731372549019608
WHITE HEART CONFETTI IN TUBE,929.91,963,50,1.3754
MINI FUNKY DESIGN TAPES,929.45,1225,61,0.7817460317460317
TEA PARTY  WRAPPING PAPER ,929.0,2250,75,0.4189333333333333
APRON MODERN VINTAGE COTTON,927.9499999999999,441,57,2.300877192982456
STAR DECORATION PAINTED ZINC ,924.9499999999999,4175,116,0.3158333333333333
STAR DECORATION RUSTIC,924.42,2201,85,0.42
EASTER TIN CHICKS PINK DAISY,924.0,560,85,1.65
ANIMALS AND NATURE WALL ART,923.97,267,17,3.6958823529411764
ZINC SWEETHEART WIRE LETTER RACK,923.63,248,78,3.7883333333333336
EMBROIDERED RIBBON REEL ROSIE,921.46,484,49,2.0622448979591836
EMPIRE TISSUE BOX,919.67,1937,130,0.5529230769230769
EGG CUP MILKMAID HEIDI,919.52,784,46,1.2408695652173913
RAINY LADIES BIRTHDAY CARD,918.91,2280,129,0.42852713178294577
MINI JIGSAW CIRCUS PARADE ,915.78,2451,65,0.41215384615384615
4 IVORY DINNER CANDLES SILVER FLOCK,913.74,450,96,2.308989898989899
SET/4 SKULL BADGES,913.7,734,81,1.247710843373494
PORCELAIN T-LIGHT HOLDERS ASSORTED,913.63,728,59,1.2903333333333333
CUT GLASS HEXAGON T-LIGHT HOLDER,912.9599999999999,528,9,2.4544444444444444
200 RED + WHITE BENDY STRAWS,912.27,759,119,1.2468333333333335
BOUDOIR SQUARE TISSUE BOX,910.08,1955,143,0.6672483221476511
EMBROIDERED RIBBON REEL SALLY ,909.14,458,62,2.0706451612903227
ORANGE TV TRAY TABLE ,908.15,461,24,2.2375
PINK METAL CHICKEN HEART ,906.14,670,53,1.477142857142857
CAKE PLATE LOVEBIRD PINK,902.85,315,42,4.096511627906977
MINI PLAYING CARDS GYMKHANA,901.74,2297,95,0.41879999999999995
SET OF 6 T-LIGHTS EASTER CHICKS,899.8000000000002,320,54,2.855555555555556
WALL ART DOLLY GIRL ,896.3700000000001,311,19,3.6110526315789473
HOME SWEET HOME BOTTLE ,895.0400000000001,437,61,2.0752459016393443
ICE CREAM DESIGN GARDEN PARASOL,894.35,193,30,6.35
BLACK ENCHANTED FOREST PLACEMAT,893.25,585,42,1.630952380952381
ADULT APRON APPLE DELIGHT,891.9300000000001,179,40,5.8085
SKULLS  STICKERS,891.2199999999999,1054,87,0.8485057471264367
DANISH ROSE FOLDING CHAIR,890.4000000000001,112,25,7.95
SKULLS WRITING SET ,887.7,538,145,1.65
TOAST ITS - BEST MUM,885.95,751,68,1.223529411764706
SPACEBOY WALL ART,885.9000000000001,306,13,3.582307692307692
SLEEPING CAT ERASERS,885.45,4595,162,0.2060843373493976
TRAVEL CARD WALLET RETROSPOT,882.24,2104,160,0.4196273291925466
LARGE MEDINA STAMPED METAL BOWL ,881.1600000000001,177,50,5.0502
FANNY'S REST STOPMETAL SIGN,879.1800000000001,421,85,2.0952873563218395
WALL ART THE MAGIC FOREST ,876.64,144,9,6.052222222222222
VANILLA INCENSE IN TIN,876.34,2066,87,0.5476923076923077
MEDIUM MEDINA STAMPED METAL BOWL ,876.1500000000001,297,48,2.9500000000000006
WHITE HEARTS WIRE PLANT POT HOLDER,873.5600000000001,324,59,2.7340677966101694
PINK POLKADOT GARDEN PARASOL,866.25,115,41,7.8621951219512205
CREAM SWEETHEART LETTER RACK,866.05,205,23,5.381739130434783
WRAP RED VINTAGE DOILY,866.0,2100,68,0.41884057971014493
BLUE PAPER PARASOL ,865.6500000000001,307,48,2.9333333333333336
WHITE SOAP RACK WITH 2 BOTTLES,864.35,161,41,5.857142857142857
IVORY HANGING DECORATION  BIRD,862.75,1015,94,0.85
EMBROIDERED RIBBON REEL REBECCA ,860.88,312,51,2.8743137254901963
ENGLISH ROSE SPIRIT LEVEL ,860.88,948,92,1.2371739130434782
TRAVEL CARD WALLET SKULLS,860.4,2052,140,0.41957746478873237
"NURSERY A,B,C PAINTED LETTERS",859.2,192,67,5.890298507462687
"ELEPHANT, BIRTHDAY CARD, ",859.08,2114,126,0.4171428571428571
FRENCH CARRIAGE LANTERN,858.9000000000001,132,54,6.584545454545455
SET OF 4 FAIRY CAKE PLACEMATS ,856.25,491,46,2.717391304347826
HEART DECORATION RUSTIC HANGING ,855.9200000000001,4138,153,0.23141176470588237
3D DOG PICTURE PLAYING CARDS,855.5,290,60,2.95
SET OF 6 FUNKY BEAKERS,854.0400000000001,300,51,3.2153846153846155
WALL ART WORK REST AND PLAY  ,853.47,205,26,4.470769230769231
PARTY INVITES WOODLAND,853.2199999999999,1046,87,0.8646067415730337
BOX OF 9 PEBBLE CANDLES,851.4,452,77,1.946153846153846
WICKER WREATH SMALL,850.87,695,96,1.333469387755102
RED RETROSPOT BIG BOWL,849.45,175,39,4.932051282051282
4 LILY  BOTANICAL DINNER CANDLES,848.0,470,76,2.2884615384615383
FRENCH LAVENDER SCENT HEART,846.6,965,75,0.9954545454545455
BUFFALO BILL WALL ART ,845.22,246,15,3.6886666666666668
WRAP COWBOYS  ,845.0,2050,69,0.41884057971014493
RED HEARTS LIGHT CHAIN ,844.34,434,37,3.0521052631578947
IVORY KNITTED MUG COSY ,841.79,531,51,1.7896226415094338
SET/3 CHRISTMAS DECOUPAGE CANDLES,841.5600000000001,826,31,1.2583870967741935
3 GARDENIA MORRIS BOXED CANDLES,840.29,489,67,2.2916438356164384
3D HEARTS  HONEYCOMB PAPER GARLAND,838.5000000000001,294,33,2.926470588235294
JAM CLOCK MAGNET,838.47,309,55,2.8387272727272728
CLOCK MAGNET MUM'S KITCHEN,837.88,304,40,2.9330000000000003
GOLD MUG BONE CHINA TREE OF LIFE,835.61,729,61,1.162741935483871
TREASURE AHOY WALL ART,833.46,270,16,3.585
SET/3 DECOUPAGE STACKING TINS,827.7,174,53,4.923584905660377
BOOM BOX SPEAKER GIRLS,827.15,485,40,4.271428571428571
SET OF 2 TINS JARDIN DE PROVENCE,826.5500000000001,235,85,4.122941176470588
BLUE POLKADOT COFFEE MUG,826.14,2035,62,0.5554838709677419
GLITTER STAR GARLAND WITH BELLS ,825.45,223,40,3.732439024390244
PLAYING CARDS VINTAGE DOILY ,822.73,677,85,1.2451162790697674
DOLLY MIXTURE CHILDREN'S UMBRELLA,822.38,252,64,3.3028125
CHEST 7 DRAWER MA CAMPAGNE,821.3,34,24,24.575
JIGSAW TREE WITH BIRDHOUSE,821.13,867,106,0.9371559633027522
WOOD STAMP SET BEST WISHES,820.91,912,142,0.9662837837837838
EGG FRYING PAN RED ,820.32,405,91,2.0749450549450548
WIRE EGG BASKET ,819.65,109,40,7.775
FRENCH STYLE STORAGE JAR CAFE ,819.4599999999999,1982,70,0.3409859154929577
SMALL SILVER FLOWER CANDLE POT,817.1500000000001,277,35,2.95
SMALL REGAL  SILVER CANDLEPOT ,817.0500000000001,303,20,2.91
CHOCOLATE 3 WICK MORRIS BOX CANDLE,816.25,557,43,2.5755813953488373
SET OF 16 VINTAGE RED CUTLERY,814.92,62,31,13.537741935483872
CHERRY CROCHET FOOD COVER,813.67,215,78,3.8451282051282054
TEA TIME DES TEA COSY,813.61,328,76,2.569868421052631
RETRO PLASTIC ELEPHANT TRAY,812.53,1105,65,0.8364615384615384
AIRLINE BAG VINTAGE JET SET WHITE,812.19,191,82,4.290952380952381
HOT BATHS SOAP HOLDER,809.51,479,102,1.69
FRENCH BLUE METAL DOOR SIGN 4,809.32,646,91,1.2759340659340659
WOOD STAMP SET FLOWERS,806.73,782,126,0.9824427480916029
CHARLIE & LOLA WASTEPAPER BIN BLUE,805.75,657,81,1.3283132530120483
MOTORING TISSUE BOX,804.81,1823,153,0.5210967741935484
MULTICOLOUR SPRING FLOWER MUG,803.74,2042,63,0.40437500000000004
BALLOON ART MAKE YOUR OWN FLOWERS,801.45,887,68,1.5042857142857142
ASSORTED TUTTI FRUTTI PEN,800.9499999999999,2451,90,0.3752173913043478
WOOD STAMP SET HAPPY BIRTHDAY,798.6700000000001,820,121,0.9953278688524589
HORSE & PONY WALL ART,797.3100000000001,256,17,3.594705882352941
SMALL BONNE JAM JAR  T-LIGHT HOLDER,795.6800000000001,416,21,2.0295652173913044
LIPSTICK PEN FUSCHIA,794.78,1924,120,0.4568852459016393
BLUE POT PLANT CANDLE ,794.45,263,37,3.114864864864865
PING MICROWAVE APRON,793.5999999999999,442,72,2.1576712328767123
BLUE SAVANNAH PICNIC HAMPER FOR 2,793.3499999999999,69,17,12.43235294117647
HEART SHAPE WIRELESS DOORBELL,792.5400000000001,443,48,2.0598039215686272
LARGE WHITE HONEYCOMB PAPER BELL  ,788.04,394,44,2.0813636363636365
WRAP GREEN PEARS ,787.5,1875,74,0.42
FRENCH BLUE METAL DOOR SIGN 6,785.57,627,81,1.278433734939759
LOCAL CAFE MUG,785.13,566,52,1.8186538461538464
FELT EGG COSY CHICKEN,785.12,920,90,0.866421052631579
ZINC HEART LATTICE T-LIGHT HOLDER,784.22,646,62,1.2601587301587303
PACK OF 12 VINTAGE DOILY TISSUES,783.6899999999999,2087,92,0.3892553191489362
CHRISTMAS DECOUPAGE CANDLE,782.77,1821,63,0.5966153846153847
SMALL POLKADOT CHOCOLATE GIFT BAG ,782.0,920,40,0.85
WHITE GOOSE FEATHER CHRISTMAS TREE ,781.7500000000001,265,50,2.95
ASSORTED TUTTI FRUTTI SMALL PURSE,780.14,646,31,1.2377419354838708
TRAVEL CARD WALLET PANTRY,779.9,1853,123,0.42976190476190473
PURPLE PAPER PARASOL,779.45,271,60,2.943333333333334
"BLACK TEA,COFFEE,SUGAR JARS",779.4499999999999,451,45,1.9744444444444442
 NINE DRAWER OFFICE TIDY,777.9,54,30,14.786666666666665
VINTAGE BEAD PINK PURSE ,774.7600000000001,812,60,0.995079365079365
REINDEER HEART DECORATION GOLD,774.4300000000001,929,77,0.9106410256410257
SMALL CHOCOLATES PINK BOWL,774.18,1660,158,0.4859375
FRENCH BLUE METAL DOOR SIGN 7,773.11,618,79,1.264375
6 RIBBONS SHIMMERING PINKS ,772.94,1000,75,1.2107894736842104
RED LOVE HEART SHAPE CUP,772.91,935,83,0.8562650602409638
PHOTO FRAME LINEN AND LACE LARGE,771.72,208,41,3.7275609756097565
FRENCH ENAMEL WATER BASIN,771.21,290,79,3.358875
HAPPY EASTER HANGING DECORATION,770.22,210,42,3.7418181818181817
BLUE/CREAM STRIPE CUSHION COVER ,769.9,622,98,1.2480808080808081
HOME GARLAND PAINTED ZINC ,769.65,833,52,0.9826923076923078
"SWISS ROLL TOWEL, PINK  SPOTS",769.65,579,19,1.786842105263158
MINI JIGSAW PURDEY,767.41,2064,59,0.39864406779661016
BAKING MOULD ROSE WHITE CHOCOLATE,766.88,258,33,3.3037142857142854
PINK  HEART CONFETTI IN TUBE,766.56,864,48,1.3948979591836734
GINGHAM ROSE WRAP,766.5,1825,72,0.42
CARD SUKI BIRTHDAY,763.08,1858,126,0.4180952380952381
FAIRY CAKES NOTEBOOK A6 SIZE,762.99,1272,108,0.6680733944954129
MAGIC DRAWING SLATE DINOSAUR,762.72,1816,135,0.42
DOLLY CABINET 3 DRAWERS ,762.4499999999999,51,30,14.95
WHITE STITCHED WALL CLOCK,761.9,837,36,1.3680555555555556
HIPPY CHIC DECORATIVE PARASOL,761.85,155,16,7.25
BIRDCAGE DECORATION TEALIGHT HOLDER,761.57,643,67,1.236231884057971
WRAP ALPHABET POSTER  ,761.0,1850,63,0.41873015873015873
ASSORTED INCENSE PACK,760.3199999999999,4032,27,0.20259259259259257
"BIRTHDAY CARD, RETRO SPOT",758.88,1848,126,0.41857142857142854
CHILDS GARDEN FORK BLUE ,757.89,921,120,0.8489344262295081
PANTRY 3 HOOK ROLLING PIN HANGER,757.5,202,51,3.75
WRAP BILLBOARD FONTS DESIGN,756.0,1800,62,0.42
BLUE POLKADOT WASHING UP GLOVES,756.0,360,115,2.1
SCENTED VELVET LOUNGE CANDLE ,755.13,1788,54,0.508888888888889
EMBROIDERED RIBBON REEL CLAIRE,755.01,219,19,3.701578947368421
SWEET HEART CAKE CARRIER,754.0,78,42,9.869047619047619
SKULLS GREETING CARD,753.12,1860,96,0.41687499999999994
SPOTTY PINK DUCK DOORSTOP,752.51,221,65,4.074
SET OF 2 TINS VINTAGE BATHROOM ,752.25,177,59,4.25
APOTHECARY MEASURING JAR,751.4000000000001,64,21,12.178571428571429
STAR PORTABLE TABLE LIGHT ,750.7,274,31,2.924193548387097
MOBILE VINTAGE HEARTS ,750.3,152,58,4.93793103448276
HANGING SPRING FLOWER EGG LARGE,746.28,900,56,0.8476785714285714
ZINC HEARTS PLANT POT HOLDER,746.15,275,49,2.769591836734694
PARTY PIZZA DISH RED RETROSPOT,744.34,1702,63,0.5561904761904761
SET 6 FOOTBALL CELEBRATION CANDLES,743.75,595,67,1.25
RELAX LARGE WOOD LETTERS,743.7,126,26,7.988461538461538
JOY WOODEN BLOCK LETTERS,742.63,217,78,4.2676923076923075
CARD PSYCHEDELIC APPLES,742.2,1798,113,0.4184070796460177
SET OF 6 HEART CHOPSTICKS,741.48,594,82,1.3603488372093022
CHILDS GARDEN BRUSH PINK,741.0,370,65,2.0846153846153848
BOOM BOX SPEAKER BOYS,740.15,171,54,5.026785714285714
TOMATO CHARLIE+LOLA COASTER SET,739.19,477,61,1.4506557377049178
SET/5 RED SPOTTY LID GLASS BOWLS,734.4,288,1,2.55
"WRAP, BILLBOARD FONTS DESIGN",731.0,1950,34,0.4152941176470588
SMALL GLASS SUNDAE DISH CLEAR,730.44,648,44,1.4686363636363635
RED ENCHANTED FOREST PLACEMAT,730.0500000000001,457,60,1.6436507936507936
WHITE BAMBOO RIBS LAMPSHADE,728.66,902,42,0.9163043478260869
COSMETIC BAG VINTAGE ROSE PAISLEY,728.62,355,63,2.224920634920635
RED TEA TOWEL CLASSIC DESIGN,728.52,612,67,1.2443283582089553
PINK FLOWER CROCHET FOOD COVER,727.46,193,63,3.808888888888889
SET OF 6 STRAWBERRY CHOPSTICKS,725.49,613,59,1.305084745762712
IVORY PILLAR CANDLE SILVER FLOCK,725.19,393,48,2.5532653061224493
ETCHED GLASS COASTER,722.88,1536,58,0.519
EGG FRYING PAN IVORY ,722.5600000000001,358,81,2.074390243902439
CHILDRENS GARDEN GLOVES BLUE,721.0,592,65,1.247121212121212
FRENCH BLUE METAL DOOR SIGN 8,720.57,575,80,1.2795
TALL ROCOCO CANDLE HOLDER,720.0,90,17,8.352941176470589
SQUARE CHERRY BLOSSOM CABINET,719.5500000000001,129,19,5.569047619047619
CHILDS GARDEN FORK PINK,716.55,843,118,0.85
FELTCRAFT HAIRBAND PINK AND PURPLE,716.28,828,118,0.8951239669421488
FELTCRAFT HAIRBAND RED AND BLUE,715.6999999999999,842,120,0.85
MIRROR MOSAIC T-LIGHT HOLDER ,715.05,1533,18,1.51
ROSE SCENT CANDLE JEWELLED DRAWER,714.0,528,40,4.15625
CAKE STAND VICTORIAN FILIGREE SMALL,713.8000000000001,204,36,4.436111111111112
PACK OF 12 BLUE PAISLEY TISSUES ,712.7299999999999,2223,124,0.352258064516129
MAGNETS PACK OF 4 HOME SWEET HOME,711.87,1386,143,0.5846206896551723
FELTCRAFT HAIRBANDS PINK AND WHITE ,711.6099999999999,817,108,0.921559633027523
DANISH ROSE DECORATIVE PLATE,710.64,951,55,1.4351785714285714
TRAVEL CARD WALLET FLOWER MEADOW,709.62,1693,130,0.4195384615384615
TEA TIME TEA SET IN GIFT BOX,708.9000000000001,102,29,6.95
LARGE PINK GLASS SUNDAE DISH,708.16,848,54,0.9405454545454546
STRIPEY CHOCOLATE NESTING BOXES,707.95,253,40,2.91
BEADED CRYSTAL HEART GREEN LARGE,707.7,816,50,0.9564
TEA COSY RED  STRIPE,706.83,292,64,2.647384615384615
MAGIC TREE -PAPER FLOWERS,706.35,831,77,0.8500000000000001
FELT TOADSTOOL LARGE,706.02,594,41,1.2453658536585366
MORE BUTTER METAL SIGN ,705.3100000000001,684,110,1.2827272727272727
COCKTAIL SWORDS 50 PIECES,705.2500000000001,899,68,0.8235294117647058
200 BENDY SKULL STRAWS,705.0500000000001,637,41,1.2360975609756097
SET/6 COLLAGE PAPER PLATES,704.26,1664,116,0.4594017094017094
WOOD STOCKING CHRISTMAS SCANDISPOT,704.02,1088,98,0.7408823529411764
CARAVAN SQUARE TISSUE BOX,703.5699999999999,1399,122,0.6066929133858268
EGG CUP MILKMAID INGRID,703.51,587,42,1.2449999999999999
BLACK CANDELABRA T-LIGHT HOLDER,702.8000000000001,694,37,1.231578947368421
MINI PAINTED GARDEN DECORATION ,702.4699999999999,2427,70,0.3677142857142857
RING OF ROSES BIRTHDAY CARD,702.0,1764,87,0.4152272727272727
INFLATABLE POLITICAL GLOBE ,699.55,823,49,0.85
MADRAS NOTEBOOK MEDIUM,699.45,911,71,0.7993150684931507
SANDWICH BATH SPONGE,698.25,589,41,1.2453658536585366
BLACK WINE GLASS,697.62,1666,19,0.642
PAINTED METAL STAR WITH HOLLY BELLS,697.61,1449,73,0.5992105263157894
PAPER POCKET TRAVELING FAN ,697.0600000000001,6419,91,0.13692307692307693
TOXIC AREA  DOOR HANGER ,695.23,1413,137,0.6111510791366906
FRENCH STYLE STORAGE JAR BONBONS,695.06,2338,74,0.3154666666666667
MIRROR MOSAIC T-LIGHT HOLDER ROUND,694.2900000000001,1153,15,1.4553333333333331
DECORATIVE ROSE BATHROOM BOTTLE,693.52,920,59,1.0779661016949154
DAISIES  HONEYCOMB GARLAND ,691.35,419,51,1.65
MOTHER'S KITCHEN SPOON REST ,690.71,178,58,4.056610169491526
CHRISTMAS TREE HANGING GOLD,690.64,776,64,0.9616666666666667
DAIRY MAID TOASTRACK,690.12,756,83,1.072857142857143
SET OF 3 BIRD LIGHT PINK FEATHER ,690.0,1654,137,0.47482758620689663
PINK HORSE SOCK PUPPET,688.8000000000001,240,45,2.932608695652174
PAINTED METAL HEART WITH HOLLY BELL,687.5899999999999,1195,69,0.7526315789473684
GOLD MINI TAPE MEASURE ,687.2,916,46,0.8387234042553192
SWALLOW SQUARE TISSUE BOX,685.55,1577,132,0.5312857142857143
MOODY GIRL DOOR HANGER ,684.9599999999999,1422,146,0.6216556291390729
BLACK STITCHED WALL CLOCK,684.65,695,29,1.3410344827586207
RED APPLES CHOPPING BOARD   ,684.0,144,38,4.928947368421053
VINTAGE LEAF CHOPPING BOARD  ,684.0,144,41,4.930487804878049
WOODLAND  STICKERS,683.4,804,53,0.85
ROMANTIC IMAGES GIFT WRAP SET,679.15,737,96,0.7708333333333334
ZINC FINISH 15CM PLANTER POTS,679.01,573,49,1.2422448979591836
SET OF 6 RIBBONS PERFECTLY PRETTY  ,678.27,243,37,2.8791891891891894
FRENCH BLUE METAL DOOR SIGN 0,678.15,543,70,1.249142857142857
FOLDING UMBRELLA CREAM POLKADOT,677.5,138,32,4.90625
GARDENIA 3 WICK MORRIS BOXED CANDLE,677.04,260,71,3.3316216216216215
FELTCRAFT HAIRBAND PINK AND BLUE,676.5999999999999,796,117,0.85
SCOTTIE DOGS BABY BIB,676.39,1663,94,0.4895833333333333
KENSINGTON COFFEE SET,675.75,53,30,12.75
BOHEMIAN COLLAGE STATIONERY SET,675.53,471,102,1.5112621359223302
LOVE GARLAND PAINTED ZINC ,672.65,405,41,1.8002439024390244
KIDS RAIN MAC PINK,672.5799999999999,796,67,0.8585294117647058
CINAMMON SET OF 9 T-LIGHTS,672.06,798,108,0.8898198198198198
BRIGHT BLUES RIBBONS ,671.25,537,102,1.25
CHRISTMAS TREE HANGING SILVER ,670.11,745,67,0.9460294117647059
S/4 IVORY MINI ROSE CANDLE IN BOWL,669.91,491,51,1.6151923076923076
DRAWER KNOB VINTAGE GLASS BALL,669.61,317,46,2.1245652173913046
MULTICOLOUR HONEYCOMB FAN,669.12,1142,57,0.6794736842105262
RED RETROSPOT TAPE,668.94,1458,99,0.5488000000000001
VINTAGE BEAD PINK EVENING BAG,668.88,513,44,1.4330434782608696
DOVE DECORATION PAINTED ZINC ,667.71,2281,49,0.44461538461538463
CHERRY BLOSSOM DECORATIVE FLASK,666.93,179,57,3.7436842105263155
UNION JACK FLAG LUGGAGE TAG,666.71,534,106,1.3029906542056073
EGG CUP HENRIETTA HEN CREAM ,664.52,580,28,1.2349999999999999
CHILDS GARDEN BRUSH BLUE,663.3000000000001,333,57,2.0824561403508772
LARGE BONNE JAM JAR  T-LIGHT HOLDER,662.0600000000001,254,10,2.73
PAPER BUNTING PAISLEY PARK,661.7,246,28,2.9071428571428575
WRAP FLOWER SHOP  ,661.5,1575,62,0.42
TRIPLE WIRE HOOK IVORY HEART,658.54,160,35,4.256857142857143
PAPER LANTERN 7 POINT SNOW STAR,658.35,99,25,6.65
WHITE CHRISTMAS GARLAND STARS TREES,656.7,178,40,3.7236585365853654
VINTAGE RED MUG,656.37,687,41,1.234390243902439
BLOSSOM IMAGES GIFT WRAP SET,655.8000000000001,739,93,0.7591397849462367
FAIRY CAKES NOTEBOOK A7 SIZE,655.34,1684,99,0.4303
HEARTS  STICKERS,655.0,766,80,0.916625
EASTER DECORATION EGG BUNNY ,654.7,828,75,0.9683116883116883
CINAMMON & ORANGE WREATH,654.55,101,31,6.701515151515152
SILK PURSE BABUSHKA RED,654.1500000000001,201,38,3.3394736842105264
SALLE DE BAIN HOOK,653.8199999999999,498,60,1.251290322580645
PEARLISED IVORY HEART LARGE ,651.15,415,36,1.6388888888888888
ASSORTED EASTER DECORATIONS  BELLS,650.28,564,22,1.2413636363636362
SMALL SILVER TRELLIS CANDLEPOT,649.0000000000001,220,29,2.95
CERAMIC PLATE STRAWBERRY DESIGN,648.18,578,56,1.2457142857142858
JAZZ HEARTS ADDRESS BOOK,648.12,3054,184,0.2532972972972973
DECORATIVE CATS BATHROOM BOTTLE,647.03,835,52,1.150576923076923
T-LIGHT HOLDER HANGING LACE,646.26,764,64,0.9946875000000001
WASH BAG VINTAGE ROSE PAISLEY,645.15,253,62,2.55
PHOTO FRAME LINEN AND LACE SMALL,644.8000000000001,310,59,2.08
WALL ART HORSE & PONY ,644.6700000000001,209,34,3.6908823529411765
PACK OF 6 SMALL FRUIT STRAWS,644.58,1617,79,0.41857142857142854
BIRDHOUSE DECORATION MAGIC GARDEN,642.94,518,72,1.2474324324324324
RED POLKADOT COFFEE  MUG,642.75,1499,49,0.6691836734693878
EASTER TREE YELLOW BIRDS,642.6,108,43,5.95
BANQUET BIRTHDAY  CARD  ,642.24,1560,100,0.4182
RUSTIC STRAWBERRY JAM POT SMALL,642.0,408,27,1.6203703703703705
BLOSSOM  IMAGES NOTEBOOK SET,640.5,498,25,1.37
LARGE WHITE/PINK ROSE ART FLOWER,639.36,360,22,1.9245454545454548
MEASURING TAPE BABUSHKA RED,639.0,228,37,2.918421052631579
CARD CAT AND TREE ,636.48,1536,104,0.4188461538461538
"BUNTING , SPOTTY ",634.7,146,7,4.721428571428572
HI TEC ALPINE HAND WARMER,632.76,728,53,1.385925925925926
S/12 VANILLA  BOTANICAL T-LIGHTS,632.7500000000001,221,38,2.9394736842105265
NAMASTE SWAGAT INCENSE,632.34,2391,47,0.29411764705882354
CANDY HEART HANGING DECORATION,631.71,1265,41,0.48333333333333334
MIRROR MOSAIC VOTIVE HOLDER,631.62,837,24,1.9366666666666668
GARDENIA 1 WICK MORRIS BOXED CANDLE,631.03,199,52,3.5028571428571427
FENG SHUI PILLAR CANDLE,630.23,3317,65,0.19
MAGIC DRAWING SLATE BUNNIES ,630.1800000000001,1713,110,0.41481818181818175
POLKADOT RAIN HAT ,629.89,1586,88,0.4564516129032258
PACK OF 12 PAISLEY PARK TISSUES ,629.4599999999999,1614,95,0.38999999999999996
SMALL APOTHECARY MEASURING JAR ,629.05,81,28,8.078571428571427
CARD PARTY GAMES ,628.74,1569,95,0.4168421052631579
SET/6 FROG PRINCE T-LIGHT CANDLES,628.47,434,49,2.167
MR ROBOT SOFT TOY,626.45,211,39,4.77051282051282
BIRD DECORATION RED RETROSPOT,625.5999999999999,736,57,0.85
IVORY ENCHANTED FOREST PLACEMAT,624.45,393,51,1.642156862745098
TRAVEL CARD WALLET RETRO PETALS,623.94,1489,88,0.4193406593406593
BLACK CHAMPAGNE GLASS,621.87,1517,33,0.5045454545454545
COOKING SET RETROSPOT,621.66,66,25,9.8916
CHERUB HEART DECORATION GOLD,620.45,719,59,0.9328813559322033
RED DRAGONFLY HELICOPTER,620.1,78,49,7.95
RED CHARLIE+LOLA PERSONAL DOORSIGN,618.35,1245,103,0.6335238095238095
RETRO MOD TRAY,618.13,739,110,0.9029090909090909
PACK OF 12 CIRCUS PARADE TISSUES ,617.8399999999999,2022,69,0.33347826086956517
DOG TOY WITH PINK CROCHET SKIRT,615.76,164,70,3.7608571428571427
CARD WEDDING DAY,615.24,1506,98,0.4181632653061224
SMALL YELLOW BABUSHKA NOTEBOOK ,613.78,917,166,0.7711976047904191
LAUREL HEART ANTIQUE GOLD,613.51,518,40,1.348048780487805
PINK DOG BOWL,613.24,436,52,2.240754716981132
PAPERWEIGHT VINTAGE COLLAGE,612.28,485,49,1.9755102040816326
WOODLAND STORAGE BOX LARGE ,612.0500000000001,227,22,2.8772727272727274
OVAL  MINI PORTRAIT FRAME,611.85,315,46,1.9437499999999999
JARDIN ETCHED GLASS FRUITBOWL,611.65,119,38,5.692105263157895
SILK PURSE BABUSHKA BLUE,610.6500000000001,183,52,3.3424528301886793
VINTAGE JINGLE BELLS WREATH,610.5,74,26,8.25
EDWARDIAN HEART PHOTO FRAME,610.0500000000001,147,33,4.15
NURSE'S BAG SOFT TOY,608.5999999999999,68,27,8.95
PINK  HONEYCOMB PAPER BALL ,607.86,417,24,1.8675
BLACK TEA TOWEL CLASSIC DESIGN,607.74,692,84,1.0524418604651162
VINTAGE POST OFFICE CABINET,607.6500000000001,11,2,66.36
3 RAFFIA RIBBONS VINTAGE CHRISTMAS,606.28,676,44,0.9072727272727273
MAGIC DRAWING SLATE BAKE A CAKE ,605.52,1740,78,0.41115384615384615
TRIANGULAR POUFFE VINTAGE ,605.4499999999999,43,16,14.674999999999999
POTTING SHED SEED ENVELOPES,604.48,471,71,1.3172222222222223
SET OF 6 GIRLS CELEBRATION CANDLES,604.19,487,67,1.2472058823529413
PANTRY APPLE CORER,601.9499999999999,435,72,1.4473333333333334
FOLDING UMBRELLA BLACKBLUE POLKADOT,601.22,120,47,5.148297872340425
DO NOT TOUCH MY STUFF DOOR HANGER ,599.79,1171,110,0.6968421052631579
BASKET OF FLOWERS SEWING KIT,599.76,774,42,0.8821428571428571
CERAMIC BOWL WITH LOVE HEART DESIGN,599.74,554,52,1.164736842105263
CHILDS GARDEN TROWEL BLUE ,599.25,705,105,0.85
LARGE HANGING IVORY & RED WOOD BIRD,598.37,925,65,0.6481538461538462
FOLDING BUTTERFLY MIRROR IVORY ,597.7800000000001,735,100,0.8747058823529411
BUNNY WOODEN PAINTED WITH BIRD ,597.31,851,93,0.6966666666666665
DRAWER KNOB VINTAGE GLASS HEXAGON,596.96,287,27,2.08
PAPERWEIGHT SAVE THE PLANET,596.91,329,36,1.9886111111111109
RATTLE SNAKE EGGS,596.84,760,75,1.1866666666666668
SIX DRAWER OFFICE TIDY,596.0,64,26,9.753846153846153
ENCHANTED BIRD PLANT CAGE,595.8000000000001,180,43,3.6383720930232557
SET OF 6 T-LIGHTS WEDDING CAKE ,595.6500000000001,243,28,2.632142857142857
18PC WOODEN CUTLERY SET DISPOSABLE,595.15,503,24,1.24125
ASSORTED TUTTI FRUTTI MIRROR,594.26,490,31,1.2377419354838708
MINI CAKE STAND T-LIGHT HOLDER,591.84,1464,65,0.41727272727272724
SMALL STRIPES CHOCOLATE GIFT BAG ,591.25,865,26,0.8165384615384615
LOVE HEART NAPKIN BOX ,590.75,139,45,4.25
PINK STITCHED WALL CLOCK,590.57,639,27,1.0018518518518518
LARGE APOTHECARY MEASURING JAR ,587.2,50,20,12.2975
S/15 SILVER GLASS BAUBLES IN BAG,586.46,502,36,1.2397297297297296
PINK LOVE HEART SHAPE CUP,585.78,702,60,0.8738333333333334
EMBROIDERED RIBBON REEL RUBY ,585.63,165,30,3.734666666666667
SET OF 4 FAIRY CAKE PLACEMATS,585.0,156,48,3.75
MIRROR MOSAIC HURRICANE LAMP ,584.9,286,12,5.566666666666666
"METAL SIGN,CUPCAKE SINGLE HOOK",584.3,826,61,1.0511458333333332
SET/4 RED MINI ROSE CANDLE IN BOWL,583.25,443,40,1.59825
STARS GIFT TAPE ,581.0600000000001,1368,93,0.5566666666666668
HEART STRING MEMO HOLDER HANGING,580.94,626,49,1.3829411764705883
BLUE FELT EASTER EGG BASKET,577.5,350,64,1.65
FRENCH BLUE METAL DOOR SIGN 9,576.9,462,60,1.2489999999999999
CUSHION COVER PINK UNION JACK,576.64,108,37,5.934864864864865
PIN CUSHION BABUSHKA RED,576.3100000000001,187,34,3.199411764705882
JARDIN ETCHED GLASS CHEESE DISH,575.45,219,40,3.889024390243902
ANTIQUE GLASS HEART DECORATION ,575.25,295,26,1.95
SMALL ROUND CUT GLASS CANDLESTICK,574.75,127,18,4.794444444444444
POCKET BAG BLUE PAISLEY RED SPOT,574.66,477,46,1.27125
HAIRCLIPS FORTIES FABRIC ASSORTED,572.26,1322,61,0.5670491803278689
MAGNETS PACK OF 4 VINTAGE LABELS ,569.36,1222,85,0.5850588235294119
CHRISTMAS TREE PAINTED ZINC ,569.29,2283,51,0.26854545454545453
VINTAGE CARAVAN GREETING CARD ,569.02,1394,87,0.42666666666666664
MAGNETS PACK OF 4 RETRO PHOTO,568.76,1176,107,0.631588785046729
ELEPHANT CARNIVAL POUFFE,568.1,38,24,14.949999999999998
BATHROOM METAL SIGN ,566.8,424,60,1.4333333333333333
HANGING BAUBLE T-LIGHT HOLDER SMALL,566.5500000000001,258,19,2.478947368421052
MIRROR MOSAIC GOBLET CANDLE HOLDER,566.5,506,10,3.59
SMALL MEDINA STAMPED METAL BOWL ,565.21,752,36,0.8888888888888888
CURIOUS IMAGES GIFT WRAP SET,565.1,595,84,0.7864705882352943
HANGING METAL RABBIT DECORATION,565.0,452,39,1.25
EASTER DECORATION HANGING BUNNY,562.7,1860,78,0.46058823529411763
CHOC TRUFFLE GOLD TRINKET POT ,562.53,385,48,1.51734693877551
PINK PAISLEY SQUARE TISSUE BOX ,561.75,1357,109,0.5224778761061947
IVORY RETRO KITCHEN WALL CLOCK,559.5,70,26,8.107692307692307
VINTAGE BEAD PINK SCARF ,557.1,330,33,1.8352941176470587
GREEN ROSE WASHBAG,555.0,148,46,3.75
TRAVEL CARD WALLET VINTAGE LEAF,554.4,1320,97,0.42000000000000004
LARGE STRIPES CHOCOLATE GIFT BAG,553.75,443,19,1.25
CHOCOLATE 1 WICK MORRIS BOX CANDLE,553.58,352,42,2.078809523809524
CHILDRENS GARDEN GLOVES PINK,553.5,458,52,1.246346153846154
FELTCRAFT DOLL MARIA,553.1,194,46,2.9414893617021276
PARTY CONES CANDY TREE DECORATION,552.18,690,28,0.8360714285714286
MEDIUM PARLOUR PICTURE FRAME ,550.0,136,34,4.126470588235295
BIRTHDAY PARTY CORDON BARRIER TAPE,548.63,436,81,1.2795121951219512
ASSTD MULTICOLOUR CIRCLES MUG,547.98,1374,45,0.41957446808510634
ROMANTIC IMAGES NOTEBOOK SET,547.25,409,28,1.7857142857142858
LARGE YELLOW BABUSHKA NOTEBOOK ,546.88,554,93,1.1112903225806452
WRAP BIRD GARDEN ,546.0,1300,51,0.42
CARROT CHARLIE+LOLA COASTER SET,545.99,425,91,1.336304347826087
SILVER T-LIGHT SETTING,545.45,91,6,6.3500000000000005
ENAMEL PINK COFFEE CONTAINER,545.38,602,52,1.021698113207547
ASSTD FRUIT+FLOWERS FRIDGE MAGNETS,545.16,2244,62,0.2770967741935484
PACK OF 12 VINTAGE LEAF TISSUES ,544.62,1474,64,0.3889230769230769
DECORATIVE PLANT POT WITH FRIEZE,544.5,70,25,7.902
HYACINTH BULB T-LIGHT CANDLES,544.3199999999999,1296,40,0.42
FELT FARM ANIMAL RABBIT,543.9399999999999,722,36,1.1347222222222222
EDWARDIAN PHOTO FRAME,543.75,87,31,6.25
SILVER CHRISTMAS TREE BAUBLE STAND ,543.35,33,22,16.768181818181816
BLUE CALCULATOR RULER,543.01,459,58,1.3231147540983605
MOODY BOY  DOOR HANGER ,542.36,1108,108,0.6942592592592592
SEWING SUSAN 21 NEEDLE SET,542.24,626,75,0.9228
SET OF 6 CAKE CHOPSTICKS,541.82,417,54,1.404
FRENCH FLORAL CUSHION COVER ,541.75,605,52,0.9635593220338984
PORCELAIN BUTTERFLY OIL BURNER,540.5500000000001,193,36,2.918421052631579
PINK PADDED MOBILE,539.75,127,40,4.25
CHILDS GARDEN SPADE BLUE,537.0,260,75,2.0966666666666667
THREE MINI HANGING FRAMES,535.35,129,44,4.15
GIFT BAG PSYCHEDELIC APPLES,534.6600000000001,822,66,0.6554545454545454
GARDEN PATH JOURNAL,534.46,218,46,2.592608695652174
BLUE PAISLEY JOURNAL ,534.32,214,58,2.625344827586207
MULTICOLOUR 3D BALLS GARLAND,532.95,209,48,2.55
RUSTIC STRAWBERRY JAM POT LARGE ,531.84,261,33,2.073030303030303
MAGIC GARDEN FELT GARLAND ,531.78,266,35,2.1991428571428573
PASTEL COLOUR HONEYCOMB FAN,531.6899999999999,873,56,0.626140350877193
12 DAISY PEGS IN WOOD BOX,531.3,322,62,1.65
CREAM SLICE FLANNEL CHOCOLATE SPOT ,530.95,193,34,2.9042857142857144
WOODLAND SMALL RED FELT HEART,530.83,665,43,0.8274418604651163
DECORATION WHITE CHICK MAGIC GARDEN,530.49,629,75,0.8483333333333334
LOVE HEART SOCK HANGER,530.25,333,50,1.646153846153846
WRAP WEDDING DAY,528.5,1325,39,0.41641025641025636
SUNFLOWER DECORATIVE PARASOL,528.45,87,14,10.235714285714286
CHRISTMAS MUSICAL ZINC STAR,528.2099999999999,1489,70,0.47901408450704225
WEEKEND BAG VINTAGE ROSE PAISLEY,527.85,69,1,7.65
GLITTER CHRISTMAS TREE WITH BELLS,527.65,573,58,1.028709677419355
SMALL SKULL WINDMILL,527.53,437,42,1.2407142857142857
BEADED CRYSTAL HEART PINK LARGE,526.38,552,51,1.1207692307692307
WRAP MONSTER FUN ,525.0,1250,47,0.42
BLUE TEA TOWEL CLASSIC DESIGN,523.52,448,48,1.2420833333333332
FUSCHIA RETRO BAR STOOL,523.3000000000001,14,5,39.15
TREE T-LIGHT HOLDER WILLIE WINKIE,522.74,352,35,1.5637142857142856
METAL TUBE CHIME ON BAMBOO,522.5600000000001,488,13,1.5692307692307692
SET 12 VINTAGE DOILY CHALK ,522.48,1244,93,0.42
EAU DE NILE JEWELLED PHOTOFRAME,522.45,297,21,2.0729166666666665
SET/4 COLOURFUL MIXING BOWLS,522.16,56,29,9.748620689655171
WHITE BELL HONEYCOMB PAPER GARLAND ,522.0,328,33,1.638235294117647
GREEN GOOSE FEATHER CHRISTMAS TREE ,520.6500000000001,167,27,3.468518518518519
EGG CUP NATURAL CHICKEN,520.48,840,87,0.9270454545454545
DANISH ROSE BEDSIDE CABINET,519.35,13,10,39.95
URBAN BLACK RIBBONS ,519.22,447,73,1.194078947368421
SQUARE MINI PORTRAIT FRAME,519.0,268,44,1.9433333333333334
RECYCLED PENCIL WITH RABBIT ERASER,518.1899999999999,2629,80,0.21400000000000002
RED FLOCK LOVE HEART PHOTO FRAME,517.68,1010,55,0.5778571428571428
FELT FARM ANIMAL WHITE BUNNY ,517.0699999999999,1391,40,0.6614285714285715
SET OF 4 NAPKIN CHARMS STARS   ,516.8,253,43,2.2315555555555555
PINK POT PLANT CANDLE,516.25,189,22,3.0090909090909093
MINI JIGSAW BAKE A CAKE ,515.77,1434,39,0.3758974358974359
S/12 MINI RABBIT EASTER,515.4,324,58,1.6433333333333333
JIGSAW RABBIT AND BIRDHOUSE,514.7,540,77,1.02725
PACK OF 6 PANETTONE GIFT BOXES,513.9100000000001,226,14,2.69
GLASS TWIST BON BON JAR,512.85,69,19,7.723684210526316
BLUE CHARLIE+LOLA PERSONAL DOORSIGN,512.8,976,90,0.723804347826087
SET OF 2 ROUND TINS CAMEMBERT ,512.23,241,65,2.5844615384615386
CUT GLASS T-LIGHT HOLDER OCTAGON,511.35,241,25,2.4225925925925926
GLASS SPHERE CANDLE STAND MEDIUM,510.75,95,26,5.412962962962963
RED/CREAM STRIPE CUSHION COVER ,509.9,414,60,1.2468333333333335
CHILDS GARDEN TROWEL PINK,508.29999999999995,598,94,0.85
GUMBALL MONOCHROME COAT RACK,508.07,463,34,1.1941176470588235
HEART BEADED TRELLIS DECORATION,507.52000000000004,244,39,2.08
SHOE SHINE BOX ,507.44999999999993,51,38,9.95
HAND OPEN SHAPE GOLD,506.58,156,24,3.602692307692308
JIGSAW TOADSTOOLS 3 PIECE,506.42999999999995,623,61,0.9027868852459017
ROSE FOLKART HEART DECORATIONS,504.64,423,53,1.4080357142857143
LAUREL STAR ANTIQUE SILVER ,504.6,404,49,1.3117307692307691
BLACK CHRISTMAS TREE 120CM,503.85,209,23,3.033478260869565
UNION STRIPE CUSHION COVER ,503.75,403,65,1.25
FIVE CATS HANGING DECORATION,503.37000000000006,171,39,3.0751282051282054
SILVER GLASS T-LIGHT SET,502.47999999999996,196,14,3.084285714285714
SINGLE WIRE HOOK PINK HEART,502.38,406,22,1.2482608695652175
BLACK PIRATE TREASURE CHEST,502.38,432,81,1.4195121951219511
LIPSTICK PEN BABY PINK,499.91,1198,84,0.47779069767441856
CHARLIE+LOLA RED HOT WATER BOTTLE ,498.53,173,49,3.967551020408163
PINK PAISLEY ROSE GIFT WRAP,498.5,1225,40,0.418
PACK OF 12 STICKY BUNNIES,497.25,765,77,0.65
SET/6 PINK BIRD T-LIGHT CANDLES,497.21,355,51,2.1970588235294115
IVORY LOVE BIRD CANDLE,496.72,502,48,1.1691836734693877
CORONA MEXICAN TRAY,496.25,143,18,3.7055555555555557
HANGING HEART BONHEUR,495.83,587,57,0.847936507936508
WALL ART SPACEBOY,495.48,156,21,3.654285714285714
WHITE GOOSE FEATHER TREE 60CM ,495.29999999999995,254,42,1.9499999999999997
GIFT BAG BIRTHDAY,494.83000000000004,761,45,0.653913043478261
METAL SIGN HIS DINNER IS SERVED,493.39000000000004,505,90,1.2240000000000002
ENVELOPE 50 BLOSSOM IMAGES,491.55,947,74,0.4998666666666667
12 RED ROSE PEG PLACE SETTINGS,490.0,392,75,1.25
WALL MIRROR RECTANGLE DIAMANTE PINK,489.9000000000001,122,16,7.6375
ASSORTED TUTTI FRUTTI NOTEBOOK,489.3,233,31,2.1
GARAGE KEY FOB,489.2,730,115,0.7091379310344827
CHILDS GARDEN SPADE PINK,488.70000000000005,237,63,2.096031746031746
BLUE ROSE FABRIC MIRROR,487.34,408,37,1.305135135135135
CARD DOG AND BALL ,487.08,1170,87,0.41931034482758617
PARTY INVITES DINOSAURS,487.04999999999995,573,77,0.8500000000000001
DINOSAUR HEIGHT CHART STICKER SET,486.75000000000006,165,35,2.95
FRENCH STYLE EMBOSSED HEART CABINET,485.9,23,20,21.302500000000002
VINTAGE COFFEE GRINDER BOX,485.7,102,23,4.880434782608695
ABSTRACT CIRCLES SKETCHBOOK ,483.63,126,60,3.9324590163934428
HENRIETTA HEN MUG ,483.45000000000005,293,31,1.65
DANISH ROSE TRINKET TRAYS,483.05,259,31,3.877741935483871
EASTER TIN CHICKS IN GARDEN,481.8,292,38,1.65
PARTY CONES CARNIVAL ASSORTED,479.7,402,20,1.2409523809523808
CLASSIC GLASS SWEET JAR,479.45,119,14,4.092857142857143
SET/6 FRUIT SALAD  PAPER PLATES,479.25,1143,70,0.4482857142857143
BLUE NEW BAROQUE CANDLESTICK CANDLE,478.15,439,28,1.5250000000000001
SNOWSTORM PHOTO FRAME FRIDGE MAGNET,477.96999999999997,577,46,0.8471739130434782
GLASS JAR KINGS CHOICE,477.7900000000001,161,62,2.9958064516129035
PINK HEART SHAPE PHOTO FRAME,476.35,307,28,1.643103448275862
EMPIRE BIRTHDAY CARD,476.25,1131,84,0.4296470588235294
GLASS BONNE JAM JAR,475.95000000000005,117,25,4.134
TUMBLER NEW ENGLAND,475.79999999999995,1220,41,0.39
COSY HOUR GIANT TUBE MATCHES,475.65,195,26,2.5344827586206895
SET OF 2 ROUND TINS DUTCH CHEESE,474.14000000000004,242,69,2.6682608695652177
SEASIDE FLYING DISC,472.77,387,39,1.3643589743589744
MUM'S KITCHEN CLOCK,471.90000000000003,104,36,4.766666666666667
ORANGE SCENTED SET/9 T-LIGHTS,471.45,573,66,0.8577611940298507
4 WILDFLOWER BOTANICAL CANDLES,471.25,301,51,1.9956140350877194
EAU DE NILE HEART SHAPE PHOTO FRAME,471.15000000000003,303,21,1.6404761904761902
WALL ART ANIMALS AND NATURE ,471.0,148,26,3.6726923076923077
PINK NEW BAROQUECANDLESTICK CANDLE,470.75,455,31,1.4596774193548387
BUTTERFLY CROCHET FOOD COVER,468.67,123,50,3.8983999999999996
PACK OF 12 DOLLY GIRL TISSUES,468.0,1200,80,0.39
BABY BOOM RIBBONS ,467.5,374,85,1.25
YULETIDE IMAGES GIFT WRAP SET,467.5,630,58,0.871186440677966
IVORY WIRE SWEETHEART LETTER TRAY,467.05,127,44,3.7290909090909095
CAKE STAND VICTORIAN FILIGREE MED,466.95,74,17,6.435294117647059
LAUREL STAR ANTIQUE GOLD,465.81,372,33,1.383939393939394
PINK AND WHITE CHRISTMAS TREE 120CM,465.38,186,19,2.573157894736842
SET/6 COLLAGE PAPER CUPS,463.85,2199,103,0.25754716981132075
STEEL SWEETHEART ROUND TABLE CREAM,463.45,31,18,14.949999999999998
ASSORTED MINI MADRAS NOTEBOOK,462.59999999999997,948,23,0.5769565217391304
CHRISTMAS TREE STAR DECORATION,462.41999999999996,1101,49,0.42
BEADED PEARL HEART WHITE ON STICK,462.17,469,25,1.2092
FLOOR CUSHION ELEPHANT CARNIVAL,461.3,54,22,8.813636363636363
IVORY PAPER CUP CAKE CASES ,460.7,866,63,0.54796875
FELT TOADSTOOL  SMALL,460.7,542,44,0.85
WRAP KEEP CALM BIRTHDAY,460.5,1125,36,0.4183333333333333
SMALL PARLOUR PICTURE FRAME,459.56,164,32,2.877878787878788
SET OF 6 VINTAGE NOTELETS KIT,459.0,522,25,1.7139999999999997
SET OF 6 RIBBONS PARTY,458.63,167,13,2.8592307692307695
PINK UNION JACK  PASSPORT COVER ,457.08000000000004,220,68,2.0881159420289856
BLUE POLKADOT KIDS BAG,456.35999999999996,228,29,2.4486666666666665
RETROSPOT BABUSHKA DOORSTOP,455.87,245,48,2.3329166666666667
SWISS CHALET TREE DECORATION ,455.56999999999994,1233,66,0.41
WRAP MAGIC FOREST ,451.5,1075,43,0.42
BLACK DINER WALL CLOCK,450.5,53,33,8.5
CHRISTMAS GINGHAM HEART,450.48,552,30,0.8456666666666667
ELEPHANT BIRTHDAY CARD ,449.88,1080,72,0.45819444444444446
"DECORATION , WOBBLY RABBIT , METAL ",448.8,272,34,1.65
SET OF 3 GOLD FLYING DUCKS,448.29999999999995,126,20,5.3
HANGING SPRING FLOWER EGG SMALL,447.75,1163,55,0.466
PINK GLASS CANDLEHOLDER,447.65000000000003,155,27,2.935714285714286
SET OF 6 RIBBONS COUNTRY STYLE,447.07,163,20,2.87
LADYBIRD + BEE RAFFIA FOOD COVER,446.25,119,33,3.75
BLUE POLKADOT EGG CUP ,445.26,1016,44,0.5268181818181819
EMBOSSED HEART TRINKET BOX,444.02000000000004,221,35,2.0634285714285716
ASSORTED LAQUERED INCENSE HOLDERS,443.76000000000005,2516,13,0.20076923076923076
6PC WOOD PLATE SET DISPOSABLE,443.25,405,16,1.236875
BUTTERFLIES STICKERS,442.71,519,51,0.9392156862745098
FELT EGG COSY WHITE RABBIT ,442.35999999999996,514,70,0.8927397260273973
SET 4 VALENTINE DECOUPAGE HEART BOX,441.53000000000003,151,44,3.0673333333333335
BISCUITS SMALL BOWL LIGHT BLUE,440.94,1038,79,0.48303797468354426
ASSORTED TUTTI FRUTTI BRACELET,440.89,2197,61,0.24411764705882355
SILVER JEWELLED MIRROR TRINKET TRAY,440.73999999999995,66,25,9.5512
PAPER LANTERN 5 POINT STAR MOON ,439.90000000000003,106,18,4.15
SWEETHEART CREAM STEEL TABLE RECT,438.9,22,18,19.95
ASSORTED TUTTI FRUTTI  FOB NOTEBOOK,437.16999999999996,529,46,0.8475
CUPID DESIGN SCENTED CANDLES,436.40000000000003,208,30,2.188333333333333
PINK FAIRY CAKE CUSHION COVER,436.05,123,33,3.475714285714286
STORAGE TIN HOME SWEET HOME,435.43,237,35,2.052857142857143
EGG CUP MILKMAID HELGA ,435.0,348,31,1.25
BLACK CHRISTMAS TREE 60CM,433.7,554,22,1.2772727272727273
PINK/WHITE CHRISTMAS TREE 60CM,433.22,660,24,0.7504166666666667
MINI PLAYING CARDS FUN FAIR ,433.2,1040,54,0.4178181818181818
PIN CUSHION BABUSHKA PINK,432.99,161,38,3.2551219512195124
PAPER LANTERN 9 POINT HOLLY STAR L,431.25,69,16,6.25
FOLDING UMBRELLA CHOCOLATE POLKADOT,430.06,87,31,5.089032258064516
CERAMIC LOVE HEART MONEY BANK,429.84999999999997,721,36,0.9299999999999999
MRS ROBOT SOFT TOY,428.85,143,28,4.807142857142857
PACK OF 12 RED APPLE TISSUES,428.01,1175,50,0.38862745098039214
RIDGED GLASS FINGER BOWL,427.85999999999996,934,47,0.655
CALENDAR FAMILY FAVOURITES,427.43,153,32,2.7590625
FLYING PIG WATERING CAN,426.3,186,40,2.825609756097561
DOG AND BALL WALL ART,425.88,252,4,2.26
NOEL GARLAND PAINTED ZINC ,425.15999999999997,980,61,0.44868852459016395
PARTY INVITES SPACEMAN,425.0,500,61,0.85
BEADED CRYSTAL HEART BLUE  LARGE,424.06,478,43,0.9268181818181819
SET OF 36 DINOSAUR PAPER DOILIES,423.4,292,39,1.45
ORIGAMI JASMINE INCENSE/CANDLE SET,422.54999999999995,455,36,1.0763888888888888
UNION FLAG WINDSOCK,421.97,385,20,1.231
LAZER CUT NECKLACE W PASTEL BEADS,421.75,57,5,8.61
CHRISTMAS HANGING SNOWFLAKE,421.02000000000004,486,44,1.1129545454545455
COCKLE SHELL DISH,420.88,289,32,1.7725
POPPY FIELDS CHOPPING BOARD,420.75,85,39,4.95
RECTANGULAR SHAPED MIRROR,420.68,502,29,1.000344827586207
FOLDING UMBRELLA WHITE/RED POLKADOT,420.1,86,23,4.889130434782609
CHRISTMAS TREE HEART DECORATION,418.74,997,46,0.42
VINTAGE GLASS COFFEE CADDY,416.3,74,16,5.91875
SILVER GLITTER FLOWER VOTIVE HOLDER,416.07,1395,51,0.30846153846153845
EGG FRYING PAN PINK ,415.97,199,63,2.1120312500000002
SQUARECUSHION COVER PINK UNION FLAG,415.3,62,25,6.718
GARDEN PATH SKETCHBOOK,414.58,111,47,3.887916666666667
ENAMEL BLUE RIM BISCUIT BIN,413.95,89,30,4.786666666666666
FRAPPUCINO SCARF KNITTING KIT,413.83,307,47,1.6657142857142857
PINK ENAMEL+GLASS HAIR COMB,413.7,231,12,2.0125
DOLLY CABINET 2 DRAWERS ,412.5,33,19,12.5
FOLDING UMBRELLA PINKWHITE POLKADOT,412.41,84,31,5.066451612903226
PARTY INVITES JAZZ HEARTS,412.10999999999996,483,81,0.8692592592592592
FRENCH PAISLEY CUSHION COVER ,411.84,452,49,0.9855102040816326
COSY SLIPPER SHOES SMALL GREEN,411.54,141,48,2.878541666666667
RIDGED BONNE JAM JAR T-LIGHT HOLDER,411.44,260,23,1.7039130434782608
WOODLAND STORAGE BOX SMALL,411.30000000000007,213,17,2.0444444444444447
BLUE SCANDINAVIAN PAISLEY WRAP,409.5,975,39,0.42
TOAST ITS - HAPPY BIRTHDAY,408.75,327,59,1.25
RED RETROSPOT LUGGAGE TAG,408.75,327,59,1.25
BLUE PAISLEY SKETCHBOOK,408.67,107,52,3.821346153846154
SET/4 BADGES BALLOON GIRL,408.59,323,42,1.3625581395348838
PANTRY HOOK BALLOON WHISK ,407.68,196,31,2.08
HAND TOWEL PALE BLUE W FLOWERS,407.4,212,18,3.8055555555555554
DANISH ROSE DELUXE COASTER,407.15,935,40,0.614390243902439
EASTER DECORATION SITTING BUNNY,407.13,501,54,0.8476785714285714
SUNSET COLOUR CHUNKY KNITTED THROW,406.8,24,13,16.95
BUNNY DECORATION MAGIC GARDEN,406.39,483,56,0.8477966101694915
PINK POLKADOT CHILDRENS UMBRELLA,406.25,125,33,3.25
PAPERWEIGHT CHILDHOOD MEMORIES,405.62,259,30,2.356666666666667
HOME SWEET HOME HOOK,405.6,326,45,1.3699999999999999
GLITTER CHRISTMAS TREE,405.14,902,54,0.5029824561403509
DOORSTOP FOOTBALL DESIGN,404.98,134,51,3.780980392156863
PINK SWEETHEART BRACELET,404.5,98,24,4.229166666666667
LETS GO SHOPPING COTTON TOTE BAG,403.67,177,46,2.367826086956522
DOLLY HONEYCOMB GARLAND,403.20000000000005,448,20,1.45
PINK/PURPLE RETRO RADIO,401.20000000000005,136,19,2.95
GINGHAM BABUSHKA DOORSTOP,400.87,209,41,2.4070731707317075
WHITE HAND TOWEL WITH BUTTERFLY,400.5,170,14,3.2642857142857147
MIRRORED WALL ART SKULLS,400.0,294,40,1.6875
YELLOW SHARK HELICOPTER,397.5,50,37,7.95
TOOTHPASTE TUBE PEN,396.6,970,73,0.6606578947368421
SMALL SQUARE CUT GLASS CANDLESTICK,396.0,80,19,4.95
SQUARE FLOOR CUSHION VINTAGE RED,395.45000000000005,51,25,7.87
SET OF 4 NAPKIN CHARMS CROWNS ,394.42,255,38,2.246052631578947
WHITE CANDYSTUFT ARTIFICIAL FLOWER,394.15999999999997,296,19,1.3836842105263158
BIRTHDAY BANQUET GIFT WRAP,393.5,975,32,0.4175
FAIRY SOAP SOAP HOLDER,392.08,232,57,1.69
MINI JIGSAW BUNNIES,390.69,1088,47,0.4004255319148936
EIGHT PIECE SNAKE  SET,388.75,311,68,1.25
PACK 20 ENGLISH ROSE PAPER NAPKINS,388.69,481,54,0.8461818181818181
TABLE LAMP WHITE SHADE WOOD BASE,388.3,74,17,5.797058823529412
S/2 ZINC HEART DESIGN PLANTERS,388.04999999999995,39,28,9.95
WALL ART I LOVE LONDON ,387.3,86,19,4.8236842105263165
BELL HEART DECORATION,387.0,252,9,1.6277777777777775
ASSTD DESIGN 3D PAPER STICKERS,386.83,1159,30,0.54875
COSY SLIPPER SHOES LARGE GREEN,386.45000000000005,131,28,2.95
PINK ROSE WASHBAG,386.25,103,38,3.75
MIDNIGHT GLAMOUR SCARF KNITTING KIT,385.52,277,52,1.5763461538461538
CANDY SPOT HAND BAG,385.27000000000004,188,20,2.2738095238095237
ANGEL DECORATION PAINTED ZINC ,383.95,635,26,0.6870370370370371
SMALL PINK GLASS SUNDAE DISH,383.90999999999997,911,31,0.5196774193548387
ESSENTIAL BALM 3.5g TIN IN ENVELOPE,383.76,5856,17,0.16666666666666666
ASSORTED COLOUR LIZARD SUCTION HOOK,382.92,970,54,0.41600000000000004
GREEN FERN SKETCHBOOK ,382.46,101,51,3.8227450980392157
SQUARECUSHION COVER PINK UNION JACK,382.14,150,29,6.103793103448275
PINK HEARTS LIGHT CHAIN ,381.0,196,21,3.354761904761905
MIRRORED WALL ART SNOWFLAKES,380.25,507,45,0.75
POPART WOODEN PENCILS ASST,380.0,8900,68,0.043478260869565216
DARK BIRD HOUSE TREE DECORATION,377.33,1249,66,0.3234328358208955
SCANDINAVIAN 3 HEARTS NAPKIN RING,376.5,1746,65,0.2989230769230769
BEACH HUT SHELF W 3 DRAWERS,376.5,70,20,5.7
RETRO PLASTIC POLKA TRAY,376.0,809,56,0.601639344262295
DECORATION  BUTTERFLY  MAGIC GARDEN,375.78999999999996,447,57,0.8477586206896552
LARGE PARLOUR PICTURE FRAME,375.75,77,27,4.933333333333334
CLAM SHELL SMALL ,375.73,202,30,1.969
DECORATION WOBBLY RABBIT METAL ,375.57,753,45,0.6699999999999999
"DECORATION , WOBBLY CHICKEN, METAL ",374.55,227,28,1.65
ENAMEL PINK TEA CONTAINER,374.11,388,40,1.1087804878048781
DOLLCRAFT BOY JEAN-PAUL ,373.9,82,12,4.883333333333334
BLUE DRAGONFLY HELICOPTER,373.65000000000003,47,34,7.95
PARTY FOOD SHOPPER BAG,373.5,314,34,1.2445714285714287
PARTY PIZZA DISH PINK POLKADOT,372.74,1046,46,0.5860869565217391
SKULLS  DESIGN  COTTON TOTE BAG,371.25,165,40,2.25
T-LIGHT HOLDER SILVER HEART HANDLE,370.79999999999995,192,22,1.9369565217391302
GLASS CHALICE BLUE SMALL ,369.0,678,40,0.8817073170731707
HAWAIIAN GRASS SKIRT ,368.35,319,25,1.2272
ASSORTED TUTTI FRUTTI KEYRING BALL,367.97999999999996,1102,23,0.4791304347826087
NEW BAROQUE JEWELLERY BOX ,367.6,48,20,7.85
MADRAS NOTEBOOK LARGE ,367.5,270,15,1.9166666666666667
CHRYSANTHEMUM SKETCHBOOK ,367.34,94,51,3.968235294117647
ANIMAL STICKERS,367.29,1749,46,0.21
CHILDS GARDEN RAKE PINK,366.9,179,54,2.0953703703703703
"CHRISTMAS GARLAND STARS,TREES",366.25,99,21,3.630952380952381
SET/6 EAU DE NIL BIRD T-LIGHTS,366.23,252,29,1.9544827586206897
FRYING PAN BLUE POLKADOT,366.0,108,40,3.7875
PINK DIAMANTE PEN IN GIFT BOX,365.62,72,24,5.616666666666667
ENGLISH ROSE SCENTED HANGING FLOWER,365.5,422,50,1.2303921568627452
IVORY PILLAR CANDLE GOLD FLOCK,365.05,127,21,2.930952380952381
SET/12 TAPER CANDLES,364.95,459,41,0.8402325581395349
PINK  HONEYCOMB PAPER FAN,364.6,436,41,0.9261904761904761
IVORY STRING CURTAIN WITH POLE ,363.7,166,24,2.6166666666666667
ORIGAMI ROSE INCENSE/CANDLE SET ,362.95,385,44,1.0818181818181818
TOAST ITS - FAIRY FLOWER,361.9,303,53,1.1868518518518518
SMALL FOLDING SCISSOR(POINTED EDGE),360.71,2892,70,0.13614285714285712
MAGIC DRAWING SLATE LEAP FROG ,360.06,1063,66,0.4133823529411765
MIRRORED WALL ART STARS,360.0,348,42,1.0999999999999999
DECORATIVE HANGING SHELVING UNIT,359.70000000000005,6,5,59.95
RED RETRO KITCHEN WALL CLOCK,358.6,44,20,8.15
RETROSPOT CANDLE  MEDIUM,357.62,350,33,1.6400000000000001
TEA COSY BLUE STRIPE,356.89,145,36,2.8052777777777775
JIGSAW TREE WITH WATERING CAN,356.16999999999996,925,63,0.5484615384615384
PINK SPOTS CHOCOLATE NESTING BOXES ,355.65000000000003,139,5,2.79
EAU DE NIL LOVE BIRD CANDLE,353.72,336,21,1.1833333333333333
FELT EGG COSY BLUE RABBIT ,351.62,410,47,0.9124
EGG FRYING PAN MINT ,351.52000000000004,169,60,2.08
PARTY INVITES FOOTBALL,350.2,412,52,0.8499999999999999
WHITE BAROQUE WALL CLOCK ,349.95,45,18,11.572222222222223
SET/3 POLKADOT STACKING TINS,349.5,74,25,4.922000000000001
MONEY BOX POCKET MONEY DESIGN,348.69,345,54,1.1225925925925926
ROSE DU SUD OVEN GLOVE,348.25000000000006,119,28,2.935714285714286
CHILDS GARDEN RAKE BLUE,348.0,170,41,2.094186046511628
GEMSTONE CHANDELIER T-LIGHT HOLDER,347.7,78,7,4.835714285714286
SNACK TRAY RED VINTAGE DOILY,346.34999999999997,185,29,1.94
IVORY SWEETHEART SOAP DISH,346.11,139,40,2.49
SET/6 FRUIT SALAD PAPER CUPS,345.42,1576,74,0.257027027027027
PORCELAIN ROSE LARGE ,345.14,298,13,1.2353846153846153
SILVER VANILLA  FLOWER CANDLE POT,345.0,92,23,3.75
RIDGED GLASS STORAGE JAR CREAM LID,342.72,96,17,3.73
LOLITA  DESIGN  COTTON TOTE BAG,342.0,152,32,2.25
ORIGAMI LAVENDER INCENSE/CANDL SET ,341.8,362,43,1.1186046511627907
SET OF 4 NAPKIN CHARMS 3 KEYS ,341.67,185,41,2.3797560975609753
SILVER ROCOCO CANDLE STICK,340.7,146,14,3.3785714285714286
PACK 3 BOXES BIRD PANETTONE ,340.33,177,14,2.551428571428571
PAPER LANTERN 9 POINT HOLLY STAR S,340.3,82,19,4.15
CHARLIE LOLA BLUE HOT WATER BOTTLE ,338.09,93,37,4.000270270270271
FRENCH LATTICE CUSHION COVER ,337.71999999999997,396,38,0.9075
PACK 6 HEART/ICE-CREAM PATCHES,337.42,268,34,1.2855882352941177
MONEY BOX KINGS CHOICE DESIGN,336.89,319,64,1.215625
MILK MAIDS MUG ,336.6,204,23,1.6499999999999997
DOLLCRAFT GIRL NICOLE,336.6,68,12,4.95
SILVER FLOWR PINK SHELL NECKLACE,335.28000000000003,52,3,7.12
BUNNY WOODEN PAINTED WITH FLOWER ,334.27,495,62,0.6703125
BLUE SCOTTIE DOG W FLOWER PATTERN,334.05,131,25,2.55
BLACK BAROQUE WALL CLOCK ,333.6,44,14,11.235714285714286
SILVER FISHING GNOME ,332.3,45,20,8.2775
BIRD DECORATION GREEN POLKADOT,331.5,390,37,0.85
EASTER DECORATION NATURAL CHICK,331.5,510,48,0.65
HEART TRELLIS TRIPLE T-LIGHT HOLDER,331.42,118,20,2.870952380952381
SET OF 4 NAPKIN CHARMS LEAVES   ,331.29,183,30,2.0826666666666664
PANTRY HOOK TEA STRAINER ,330.72,159,28,2.08
PINK UNION JACK  LUGGAGE TAG,330.02,261,75,1.276547619047619
SILVER ROCCOCO CHANDELIER,329.45,11,6,29.95
ORIGAMI SANDLEWOOD INCENSE/CAND SET,329.05,365,42,1.0035714285714286
MAGIC DRAWING SLATE GO TO THE FAIR ,328.92,814,61,0.4180327868852459
DOILEY BISCUIT TIN,327.59999999999997,120,13,2.8592307692307695
PIECE OF CAMO STATIONERY SET,326.56,3380,31,0.0967741935483871
CINNAMON SCENTED VOTIVE CANDLE,326.23999999999995,1264,38,0.27736842105263154
MINT GREEN ROSE TOWEL,325.5,70,20,4.65
WALL ART CAT AND BIRD ,324.98,118,18,2.7544444444444447
GRASS HOPPER WOODEN WALL CLOCK ,324.04,260,25,2.1212
CAT AND BIRD WALL ART,323.64,270,4,2.005
FLOWERS TILE COASTER,322.88,966,37,0.44054054054054054
MULTICOLOUR  CONFETTI IN TUBE,322.71,243,13,1.5246153846153847
FELT FARM ANIMAL CHICKEN,321.25,257,33,1.25
DECORATION  PINK CHICK MAGIC GARDEN,320.53999999999996,382,44,0.8471739130434782
CHARLOTTE BAG ALPHABET  DESIGN,320.5,400,22,0.838181818181818
CAKES AND BOWS GIFT  TAPE,318.81,1017,44,0.5036363636363637
SET OF 4 BLACK LOVEBIRD COASTERS,318.44,334,31,1.0784375
PINK POLKADOT PLATE ,318.34,202,18,1.6766666666666667
WALL ART TREASURE AHOY ,317.97,87,22,3.708181818181818
PARTY PIZZA DISH BLUE POLKADOT,317.90999999999997,969,41,0.5490697674418604
GREEN FERN JOURNAL ,317.71,130,36,2.6044444444444443
VEGETABLE GARDEN CHOPPING BOARD,317.70000000000005,70,17,4.902941176470589
PANDA AND BUNNIES STICKER SHEET,316.2,372,57,0.85
PANTRY HOOK SPATULA,316.16,152,26,2.08
CUTE CATS TAPE,315.55,975,45,0.5708888888888889
CANDLE HOLDER SILVER MADELINE,315.29,193,18,1.7299999999999998
WHITE TRAVEL ALARM CLOCK,314.31,134,22,2.4695454545454543
SET OF 4 PISTACHIO LOVEBIRD COASTER,314.27,362,33,1.0033333333333334
GREEN GOOSE FEATHER TREE 60CM,313.95,161,36,1.9499999999999997
DECORATIVE FLORE BATHROOM BOTTLE,313.91,283,41,1.2297560975609756
"CHARLIE+LOLA""EXTREMELY BUSY"" SIGN",313.78,607,72,0.7483561643835616
MISELTOE HEART WREATH ,312.8,80,5,4.07
HEART GARLAND RUSTIC PADDED,312.7,106,27,2.95
EGG FRYING PAN BLUE ,312.0,150,58,2.08
ALPHABET HEARTS STICKER SHEET,311.95,367,38,0.85
RETROSPOT CANDLE  SMALL,311.84000000000003,384,25,1.1832
BLUE PAISLEY TISSUE BOX,311.56,666,88,0.5076136363636364
GREEN SWEETHEART BRACELET,311.0,76,18,4.222222222222222
HOUSE SHAPE PENCIL SHARPENER,309.9,2915,47,0.09085106382978722
GLASS CHALICE GREEN  LARGE ,309.66,186,11,1.595
PARTY PIZZA DISH GREEN POLKADOT,309.12,882,32,0.5551515151515152
WHITE STITCHED CUSHION COVER,308.48,44,16,7.028823529411765
WOODLAND LARGE PINK FELT HEART,307.18,278,10,1.2289999999999999
BABY MOUSE RED GINGHAM DRESS,306.0,72,20,4.25
SNACK TRAY PAISLEY PARK,305.4,164,22,1.9375
MISELTOE HEART WREATH WHITE,304.5,78,4,4.050000000000001
BOTANICAL ROSE GIFT WRAP,304.5,725,28,0.42
3 TRADITIONAL COOKIE CUTTERS  SET,304.20000000000005,162,4,2.0375
SKULLS SQUARE TISSUE BOX,304.17,727,38,0.6389473684210527
PARTY INVITES BALLOON GIRL,302.59999999999997,356,53,0.85
MILK PAN BLUE POLKADOT,302.5,96,30,3.346774193548387
HEARTS GIFT TAPE,301.93,1025,57,0.4596551724137931
LA JARDIN BOTANIQUE CUSHION COVER,300.0,80,23,3.75
SET/4 BADGES DOGS,299.56,229,41,1.397560975609756
WOOD AND GLASS MEDICINE CABINET,299.5,10,10,29.95
PAINT YOUR OWN EGGS IN CRATE,299.36,164,5,2.022
TUSCAN VILLA DOVECOTE BIRD FEEDER,299.25,37,17,8.205882352941176
MINI  ZINC GARDEN DECORATIONS ,297.89,809,24,0.5233333333333333
SET/12 FUNKY FELT FLOWER PEG IN BAG,296.64000000000004,160,24,2.0829166666666667
PINK FELT EASTER RABBIT GARLAND,295.8,116,24,2.55
DOLLCRAFT GIRL AMELIE KIT,294.7,66,8,4.8500000000000005
SET/3 POT PLANT CANDLES,294.3,54,20,5.45
BLUE VICTORIAN FABRIC OVAL BOX,293.82,811,34,0.41617647058823526
BLUE GLASS GEMS IN BAG,291.25,427,19,0.8436842105263158
GOLD STANDING GNOME,290.25,93,17,3.8676470588235294
CHRISTMAS MUSICAL ZINC TREE,290.16999999999996,811,51,0.475
CURIO CABINET LINEN AND LACE ,290.1,36,18,8.027777777777779
LUNCH BAG RED SPOTTY,290.0,200,1,1.45
MEDIUM CHINESE STYLE SCISSOR,289.98,662,24,0.48833333333333334
PLASMATRONIC LAMP,288.94,52,10,7.904000000000001
TOYBOX  WRAP ,288.92,726,23,0.4165217391304348
FLOOR LAMP SHADE WOOD BASE,287.74,32,12,9.341666666666667
PAPER LANTERN 5 POINT SEQUIN STAR,287.5,50,21,5.75
DOILY THANK YOU CARD,286.62,703,44,0.41727272727272724
BLUE RETRO KITCHEN WALL CLOCK,285.25,35,17,8.15
COLUMBIAN CANDLE RECTANGLE,285.15,175,26,1.6156249999999999
TURQ+RED BOUDICCA LARGE BRACELET,284.95000000000005,41,16,6.95
BLACK SWEETHEART BRACELET,284.75,67,24,4.25
GOLD FISHING GNOME,284.16,47,16,6.9193750000000005
WHITE/PINK CHICK DECORATION,283.89,249,18,1.228888888888889
ICON MUG REVOLUTIONARY,283.71,701,79,0.4112345679012346
CHRISTMAS CARD SCREEN PRINT ,283.32,1188,43,0.23674418604651162
HAND TOWEL PINK FLOWER AND DAISY,281.95,199,11,2.89
WAKE UP COCKEREL CALENDAR SIGN ,281.13,72,24,4.059166666666667
MINI JIGSAW DINOSAUR ,279.51,738,50,0.43764705882352944
RETROSPOT CANDLE  LARGE,279.37,255,18,1.2577777777777777
STANDING FAIRY POLE SUPPORT ,278.5,346,22,0.8322727272727272
RED SHARK HELICOPTER,278.25,35,25,7.95
RED VICTORIAN FABRIC OVAL BOX,277.44,772,41,0.4168292682926829
WRAP DAISY CARPET ,277.2,660,25,0.42
COFFEE SCENT PILLAR CANDLE,276.45,291,44,0.95
SNACK TRAY I LOVE LONDON,276.15,149,24,1.9375
MIRRORED WALL ART POPPIES,274.65,275,32,1.0875
FORKED CACTUS CANDLE,272.98,92,26,3.0876923076923077
GOLD PHOTO FRAME,272.34000000000003,169,24,1.8645833333333333
COLUMBIAN CANDLE ROUND,272.32,404,45,0.7503448275862069
WHITE HONEYCOMB PAPER GARLAND ,272.25,165,29,1.65
BLUE  DIAMANTE PEN IN GIFT BOX,271.8,60,21,4.916666666666667
DOOR HANGER  MUM + DADS ROOM,271.15,187,52,1.4499999999999997
METAL SIGN CUPCAKE SINGLE HOOK,270.85,469,50,0.9512
WRAP CHRISTMAS SCREEN PRINT,270.5,1000,31,0.26419354838709674
HAND OPEN SHAPE DECO.WHITE,270.02,92,5,3.0840000000000005
CHRISTMAS HANGING HEART WITH BELL,270.0,216,17,1.25
MONEY BOX BISCUITS DESIGN,270.0,216,45,1.25
SET OF 4 POLKADOT PLACEMATS ,269.55,77,23,3.715217391304348
PAINTED PINK RABBIT ,269.45,317,43,0.85
ASSORTED TUTTI FRUTTI HEART BOX,268.75,215,32,1.25
JUMBO BAG VINTAGE DOILEY ,268.44,143,6,2.0316666666666667
"FLOWER FAIRY,5 SUMMER B'DRAW LINERS",267.75,105,25,2.55
12 PINK ROSE PEG PLACE SETTINGS,267.5,214,21,1.25
STRAWBRY SCENTED VOTIVE CANDLE,267.45,1101,24,0.26666666666666666
RAIN PONCHO ,267.1,410,4,0.8
LA PALMIERA TILE COASTER,266.64,705,31,0.6515624999999999
KITTY PENCIL ERASERS,266.56,1296,73,0.20931506849315068
PINK FLOWER FABRIC PONY,266.25,71,26,3.75
PEARLISED IVORY HEART SMALL ,266.21,217,27,1.2429999999999999
"GARLAND, VINTAGE BELLS",265.88,92,10,2.89
 4 PURPLE FLOCK DINNER CANDLES,265.65999999999997,138,36,2.312162162162162
PARTY TIME PENCIL ERASERS,265.09,1259,78,0.2362820512820513
WHITE SAGE INCENSE,264.6,1260,25,0.21
CURIOUS  IMAGES NOTEBOOK SET,262.25,181,10,2.45
SET/4 BADGES CUTE CREATURES,262.14,201,24,1.3004166666666668
BOYS ALPHABET IRON ON PATCHES,262.08,1248,5,0.21000000000000002
SET OF 6 HALLOWEEN GHOST T-LIGHTS,262.08,624,37,0.42
HELLO SAILOR BLUE SOAP HOLDER,261.95,155,31,1.69
GYMKHANNA TREASURE BOOK BOX,261.84000000000003,120,14,2.189285714285714
BLUE FLOCK GLASS CANDLEHOLDER,259.96,644,10,0.634
BLUE EGG  SPOON,258.71999999999997,1718,71,0.13183098591549294
DOORKNOB CRACKED GLAZE IVORY,258.3,174,5,1.6099999999999999
ORIGAMI ROSE INCENSE IN TUBE,257.88,532,11,0.8672727272727272
DECORATION SITTING BUNNY,257.60999999999996,1335,41,0.20534883720930233
NEWSPAPER STAND,257.37,25,3,13.263333333333334
ORANGE VOTIVE CANDLE,257.03999999999996,1032,25,0.2708
SET OF SKULL WALL STICKERS,257.0,92,17,2.926470588235294
PINK JEWELLED PHOTO FRAME ,256.75,53,14,4.8500000000000005
GREEN METAL SWINGING BUNNY,256.7,302,34,0.85
ABSTRACT CIRCLE JOURNAL ,256.65,107,28,2.533928571428571
PHOTO CLIP LINE,256.21,204,31,1.2878125
FOOD/DRINK SPONGE STICKERS,256.2,1220,35,0.21
DECORATION WOBBLY CHICKEN,256.11,521,29,0.6506896551724138
LOVELY BONBON STICKER SHEET,255.85,301,34,0.85
CARNIVAL BRACELET,255.0,20,6,12.75
ZINC WIRE SWEETHEART LETTER TRAY,253.24,80,20,3.4539999999999997
CARTOON  PENCIL SHARPENERS,253.2,3760,50,0.0732
IVORY HANGING DECORATION  EGG,253.01,689,46,0.45399999999999996
BLUE PATCH PURSE PINK HEART,252.79999999999998,164,17,1.638235294117647
SMALL LICORICE DES PINK BOWL,252.63,391,35,0.7702857142857144
MINI LADLE LOVE HEART RED ,252.24,630,54,0.4636363636363636
SMALL PINK MAGIC CHRISTMAS TREE,252.23,618,33,0.5044117647058823
SET/4 BADGES BEETLES,252.18,194,35,1.4852777777777777
GREEN HEART COMPACT MIRROR,251.25,201,20,1.25
SILVER DIAMANTE PEN IN GIFT BOX,250.84,50,22,5.089166666666666
STRAWBERRY DREAM CHILDS UMBRELLA,250.25,77,32,3.25
PINK RIVIERA HANDBAG,250.05,185,5,4.07
RETRO LONGBOARD IRONING BOARD COVER,250.0,198,45,1.3055555555555556
RIDGED GLASS T-LIGHT HOLDER,249.60000000000002,384,33,0.65
PINK GOOSE FEATHER TREE 60CM,249.59999999999997,128,16,1.95
PINK CAT BOWL,249.42,168,40,1.61
HANGING WOOD AND FELT FLOWER,248.88,1871,42,0.1883720930232558
SILVER DISCO HANDBAG,248.20999999999998,123,30,2.2196774193548388
WOODLAND LARGE RED FELT HEART,247.5,198,18,1.25
CORDIAL GLASS JUG,247.5,30,13,8.25
BLACK LOVE BIRD T-LIGHT HOLDER,247.46,145,13,3.266153846153846
BLUE PAISLEY POCKET BOOK,247.35,291,50,0.85
CLASSIC SUGAR DISPENSER,247.32,216,12,1.1975
VINTAGE RED TEATIME MUG,246.88,201,41,1.2454761904761906
CANDLE PLATE LACE WHITE,246.70000000000002,114,21,2.3823809523809523
PING! MICROWAVE PLATE,246.53,101,28,2.855
WOODLAND SMALL BLUE FELT HEART,246.51000000000002,297,27,0.83
MAGAZINE RACK GEBRA ASSORTED ,246.5,190,17,1.338235294117647
FOLKART CLIP ON STARS,245.60999999999999,621,37,0.43500000000000005
PINK HEARTS PAPER GARLAND,245.20000000000002,168,7,1.5928571428571427
ORIGAMI VANILLA INCENSE/CANDLE SET ,244.9,270,24,1.1079999999999999
SMALL FOLKART STAR CHRISTMAS DEC,244.23,1076,32,0.2596969696969697
RED HEART LUGGAGE TAG,243.75,195,42,1.25
ANTIQUE IVORY WIRE BOWL SMALL,241.53,97,19,2.49
FELT FARM ANIMAL HEN,240.96,384,16,1.0547058823529412
BEADED CRYSTAL HEART PINK SMALL,240.13,165,34,1.4991176470588234
SET OF 3 PANTRY WOODEN SPOONS,240.0,192,24,1.25
PACK 3 IRON ON DOG PATCHES,239.96,191,26,1.2965384615384616
VINTAGE CARAVAN GIFT WRAP,239.82,571,23,0.42
RUSTIC STRAWBERRY JAMPOT LARGE ,238.56,120,6,2.0416666666666665
DOORKNOB CRACKED GLAZE BLUE,238.5,162,3,1.5833333333333333
ANTIQUE CREAM CUTLERY SHELF ,238.0,28,18,8.5
HANGING WOOD AND FELT BUTTERFLY ,237.54,569,49,0.41888888888888887
BROWN  PIRATE TREASURE CHEST ,237.48,218,37,1.417894736842105
VINTAGE PINK DECORATIVE PARASOL,237.00000000000003,60,5,3.95
PINK LOVE BIRD CANDLE,236.48000000000002,232,22,1.1659090909090908
BLUE  VOILE LAMPSHADE,234.50000000000003,86,9,2.905555555555556
EGG CUP HENRIETTA HEN PINK,233.75,187,18,1.25
BLUE POLKADOT PASSPORT COVER,233.34,231,35,1.4831428571428573
PARTY CONES CANDY DECORATION,233.27999999999997,296,8,1.4375
SWEETIES  STICKERS,232.89999999999998,274,32,0.85
CRYSTAL STUD EARRINGS ASSORTED COL ,232.56,612,15,0.38
WOODLAND SMALL PINK FELT HEART,232.4,280,26,0.83
DOORSTOP RACING CAR DESIGN,232.25,117,32,2.6490625
3D SHEET OF DOG STICKERS,231.98,272,42,0.8685714285714285
PINK BUNNY EASTER EGG BASKET,231.9,158,4,1.5999999999999999
PINK ROSE FABRIC MIRROR,231.47,187,25,1.2424
DENIM PATCH PURSE PINK BUTTERFLY,231.0,140,27,1.65
SET OF 36 MUSHROOM PAPER DOILIES,230.54999999999998,159,30,1.45
SET/6 BEAD COASTERS GAUZE BAG GOLD,230.39999999999998,518,15,0.6193333333333334
VINTAGE NOTEBOOK PARIS DAYS,230.35,85,8,2.9000000000000004
PAINTED YELLOW WOODEN DAISY,230.35,271,32,0.85
BLUE BUNNY EASTER EGG BASKET,230.25,157,3,1.5833333333333333
4 PINK DINNER CANDLE SILVER FLOCK,229.96,124,30,2.2566666666666664
GREEN BIRDHOUSE DECORATION,229.45999999999998,386,36,0.7144444444444444
RIBBONS PURSE ,228.83,108,24,2.1845833333333333
BUNNY EGG BOX,228.75,183,26,1.25
T-LIGHT HOLDER SILVER PETIT FOUR ,227.5,182,15,1.25
CANDY SPOT EGG WARMER HARE,227.48999999999998,451,20,0.5947619047619048
LETTER SHAPE PENCIL SHARPENER,227.14,3316,41,0.09463414634146342
CLASSICAL ROSE SMALL VASE,227.1,138,10,2.1599999999999997
WALL ART DOG AND BALL ,226.29,89,17,2.6500000000000004
SET OF 4 NAPKIN CHARMS INSTRUMENT,225.92,112,24,2.4058333333333333
TRAVEL CARD WALLET VINTAGE ROSE ,225.78,541,52,0.41886792452830185
BLACK SQUARE TABLE CLOCK,225.49,95,12,2.5658333333333334
HAND WARMER RED POLKA DOT,225.0,120,18,1.8638888888888892
MIRROR LOVE BIRD T-LIGHT HOLDER,225.0,140,9,3.0
PIN CUSHION BABUSHKA BLUE,223.95000000000002,75,16,3.0875
POCKET BAG PINK PAISELY BROWN SPOT,223.63,176,30,1.3670967741935485
BLUE BIRDHOUSE DECORATION,223.29999999999998,376,38,0.7626315789473684
ANT COPPER LIME BOUDICCA BRACELET,222.75,45,15,4.95
SET/4 BLUE FLOWER CANDLES IN BOWL,222.75,135,34,1.65
ANT COPPER TURQ BOUDICCA BRACELET,222.75,45,12,4.95
GLITTER CHRISTMAS HEART ,222.7,262,18,0.8499999999999999
ASSORTED TUTTI FRUTTI LARGE PURSE,222.60000000000002,106,24,2.1
PINK BOUDICCA LARGE BRACELET,222.4,32,9,6.95
BOX/12 CHICK & EGG IN BASKET,222.3,122,40,1.9434999999999998
ACRYLIC GEOMETRIC LAMP,221.4,12,9,18.727777777777774
PINK/BLUE DISC/MIRROR STRING,220.40999999999997,551,8,0.4475
4 BLUE DINNER CANDLES SILVER FLOCK,216.75,85,29,2.55
SET 8 CANDLES VINTAGE DOILEY,216.29999999999998,122,7,1.907142857142857
CUBIC MUG PINK POLKADOT,216.26999999999998,477,34,0.6368571428571428
CAMOUFLAGE EAR MUFF HEADPHONES,215.87,39,17,5.593529411764706
PURPLE BOUDICCA LARGE BRACELET,215.45,31,11,6.95
TRIPLE WIRE HOOK PINK HEART,215.0,68,18,3.5900000000000003
SNACK TRAY HAPPY FOREST  ,214.5,110,21,1.9499999999999997
GREEN JUICY FRUIT PHOTO FRAME,214.2,84,31,2.55
MIRRORED DOVE WALL DECORATION,214.13,101,18,2.2068421052631577
BLUE  TILE HOOK,213.14999999999998,85,15,2.5218749999999996
MONEY BOX HOUSEKEEPING DESIGN,212.88,223,46,1.1454347826086957
FAIRY DREAMS INCENSE ,212.75,1025,32,0.2084375
CERAMIC BIRDHOUSE CRESTED TIT SMALL,212.40000000000003,72,16,2.95
ASS COLOUR GLOWING TIARAS,211.95,279,24,0.8416
PINK GINGHAM CAT WITH SCARF,211.65,83,18,2.55
SMALL POP BOX FUNKY MONKEY,210.48,172,34,1.356857142857143
ASSTD COL BUTTERFLY/CRYSTAL W/CHIME,210.19,455,9,0.9733333333333333
PEG BAG APPLE DESIGN,210.0,100,1,2.1
BLUE & WHITE BREAKFAST TRAY,209.55,69,21,3.2357142857142858
STRING OF STARS CARD HOLDER,209.45000000000005,71,12,2.9500000000000006
BLUE JUICY FRUIT PHOTO FRAME,209.1,82,29,2.55
PINK SCOTTIE DOG W FLOWER PATTERN,209.1,82,22,2.55
CHUNKY SILVER NECKLACE PASTEL FLOWE,208.95,21,12,9.95
DECORATIVE VINTAGE COFFEE  BOX,208.2,44,16,4.9
COLUMBIAN CANDLE ROUND ,208.1,168,29,1.2436666666666667
CROCHET ROSE PURSE WITH SUEDE BACK,206.50000000000003,70,17,2.95
TROPICAL PASSPORT COVER ,206.23,142,22,2.309090909090909
CHARLIE+LOLA MY ROOM DOOR SIGN,205.98,362,64,0.6845454545454546
MIXED NUTS LIGHT GREEN BOWL,205.28,469,27,0.5122222222222222
ASSORTED MONKEY SUCTION CUP HOOK,205.02,519,42,0.416
SMOKEY GREY COLOUR D.O.F. GLASS,204.79,587,26,0.3522222222222222
HANGING MEDINA LANTERN SMALL,203.55,69,20,2.95
OPIUM SCENTED VOTIVE CANDLE,203.27999999999997,840,18,0.2633333333333333
RABBIT  DESIGN  COTTON TOTE BAG,202.5,90,24,2.25
VINTAGE SHELLS PRINT,202.4,32,14,6.414285714285714
BLUE CUSHION COVER WITH FLOWER,201.55,29,9,6.95
2 PICTURE BOOK EGGS EASTER CHICKS,201.25,161,19,1.25
JINGLE BELLS TREE DECORATION,200.94,89,21,2.2800000000000002
EASTER BUNNY GARLAND OF FLOWERS,200.34,477,37,0.42
HEN PARTY CORDON BARRIER TAPE,200.0,160,28,1.25
BOTANICAL LAVENDER GIFT WRAP ,199.5,475,19,0.42
WHITE MOROCCAN METAL LANTERN,199.17,47,12,4.8549999999999995
PINK MONTE CARLO HANDBAG,198.35,95,8,2.76875
WAKE UP COCKEREL TILE COASTER,198.08999999999997,597,31,0.47580645161290325
PINK & WHITE BREAKFAST TRAY,198.05,59,14,4.021428571428571
2 PICTURE BOOK EGGS EASTER BUNNY,197.5,158,19,1.25
CHRISTMAS CARD STACK OF PRESENTS,196.44,816,36,0.2602777777777778
MULTI HEARTS  STICKERS,196.35,231,36,0.85
SET/6 BLACK BIRD T-LIGHT CANDLES,195.9,179,23,1.8282608695652176
CRAZY DAISY HEART DECORATION,195.52,155,31,1.5438709677419356
MILK BOTTLE WITH GLASS STOPPER ,194.60000000000002,28,15,6.95
PAIR PADDED HANGERS PINK CHECK,194.55,57,11,3.6772727272727277
FELT FARM ANIMAL SHEEP,194.39,283,16,1.1577777777777778
JOY LARGE WOOD LETTERS,194.15,37,14,7.378571428571428
MULTICOLOUR RABBIT EGG WARMER,194.14999999999998,205,25,1.0984
BLACK EAR MUFF HEADPHONES,192.86,36,17,5.737777777777778
CHRISTMAS TREE DECORATION WITH BELL,191.94,457,22,0.42
HANGING GLASS ETCHED TEALIGHT,191.85,125,10,1.6099999999999999
BLACK LOVE BIRD CANDLE,191.49,201,25,1.1504
ROSE DU SUD COSMETICS BAG,191.25,45,16,4.25
FLOWERS  STICKERS,191.04999999999998,211,32,1.09375
BLUE POLKADOT LUGGAGE TAG ,191.01,147,33,1.4333333333333333
BATHROOM SET LOVE HEART DESIGN,191.00000000000003,68,11,2.913636363636364
PAPERWEIGHT KINGS CHOICE ,190.79999999999998,160,16,1.61375
STRAWBERRIES  DESIGN FLANNEL ,190.79,225,29,0.8346666666666667
VINTAGE KEEPSAKE BOX PARIS DAYS,190.35,33,6,6.216666666666666
SKULLS TAPE,189.98000000000002,598,38,0.5202564102564102
DAISY SKETCHBOOK ,189.96,71,25,3.6984
STAR  T-LIGHT HOLDER ,189.95,131,18,1.45
SET OF PICTURE FRAME  STICKERS,189.59000000000003,65,16,2.8150000000000004
DONKEY TAIL GAME ,189.54000000000002,54,4,3.66
GREEN ENAMEL+GLASS HAIR COMB,189.0,104,11,2.0416666666666665
BLACK ENAMEL FLOWER RING,188.8,64,10,2.95
KEEP OUT BOYS DOOR HANGER ,188.5,130,34,1.45
BLUE DELPHINIUM ARTIFICIAL FLOWER,188.37000000000003,99,6,2.23
GREEN BITTY LIGHT CHAIN,188.31,119,17,2.9770588235294118
SKULLS STORAGE BOX LARGE,188.05,67,16,2.9250000000000003
AMETHYST CHUNKY BEAD BRACELET W STR,187.95,21,11,8.95
BOOZE & WOMEN GREETING CARD ,187.62,457,33,0.41818181818181815
BLUE HEART COMPACT MIRROR,187.5,124,12,2.2916666666666665
TEATIME ROUND PENCIL SHARPENER ,186.72,1436,47,0.13249999999999998
GREEN CHRISTMAS TREE STRING 20LIGHT,186.15,41,10,4.880000000000001
PAPERWEIGHT HOME SWEET HOME,186.06,146,18,1.5977777777777777
ENGLISH ROSE NOTEBOOK A6 SIZE,185.1,398,20,0.6385
GIFT BAG LARGE VINTAGE CHRISTMAS,185.0,148,9,1.25
SILVER TEDDY BEAR,183.71,48,16,3.981875
3D SHEET OF CAT STICKERS,183.6,216,43,0.85
T-LIGHT HOLDER WHITE LACE,182.31,327,20,0.7144999999999999
FOLKART HEART NAPKIN RINGS,181.87,181,28,1.4071428571428573
CHRYSANTHEMUM  JOURNAL,180.91,70,27,2.639259259259259
MINI JIGSAW LEAP FROG,180.62,465,21,0.4257142857142857
CREAM DELPHINIUM ARTIFICIAL FLOWER,180.58,70,8,2.68
ANGEL DECORATION WITH LACE PADDED,180.2,212,11,0.85
A PRETTY THANK YOU CARD,179.64000000000001,438,26,0.41777777777777775
FLAG OF ST GEORGE CHAIR,179.35,37,7,5.464285714285714
PINK JEWELLED MIRROR TRINKET TRAY,178.56,29,13,8.873846153846154
PINK HAWAIIAN PICNIC HAMPER FOR 2,178.5,14,10,12.75
ANTIQUE CREAM CUTLERY CUPBOARD,178.5,14,13,12.75
DOLLCRAFT GIRL AMELIE,178.2,36,8,4.95
PSYCHEDELIC TILE COASTER,178.0,423,23,0.9091304347826087
KITTENS DESIGN FLANNEL,177.88,232,33,0.7688235294117647
SCOTTIES DESIGN WASHBAG,177.45,91,30,1.95
PINK DISCO HANDBAG,176.39,83,21,2.348095238095238
BLUE TV TRAY TABLE ,175.8,76,13,3.1884615384615387
SMALL TALL CAMPHOR WOOD TOADSTOOL,175.05,129,22,1.478181818181818
PACK 20 DOLLY PEGS,174.5,242,4,0.7525
MEDIUM WHITE/PINK ROSE ART FLOWER,174.31,127,11,1.5372727272727273
PURPLE SWEETHEART BRACELET,174.25,41,16,4.25
WHITE CHRISTMAS STAR DECORATION,173.88,414,25,0.42
SPACE OWL,173.62,140,22,1.3513636363636363
BUNNY EGG GARLAND,173.46,413,33,0.42
GARDEN METAL SIGN ,173.25,105,20,1.65
ASS COL CIRCLE MOBILE ,173.15999999999997,474,6,0.4114285714285714
DAISY JOURNAL ,173.12,66,26,2.6426923076923075
KITCHEN FLOWER POTS WALL PLAQUE,172.55,29,13,5.950000000000001
ZINC HEART LATTICE CHARGER LARGE,172.5,46,14,3.75
BATHROOM SCALES FOOTPRINTS IN SAND,172.05,51,20,3.6700000000000004
SOFT PINK ROSE TOWEL ,172.05,37,10,4.65
PINK PAINTED KASHMIRI CHAIR,171.8,4,1,42.95
TUB 24 PINK FLOWER PEGS,169.95,103,43,1.6500000000000001
VINTAGE WOODEN BAR STOOL,169.75,6,4,27.4625
RIDGED GLASS POSY VASE ,169.64999999999998,117,17,1.45
ZINC TOP  2 DOOR WOODEN SHELF ,169.5,10,9,16.95
GREEN SQUARE COMPACT MIRROR,168.75,125,15,1.5833333333333333
PEACE SMALL WOOD LETTERS,168.75,25,21,6.75
SUMMER DAISIES BAG CHARM,168.29999999999998,66,11,2.55
PINK RETRO BIG FLOWER BAG,167.7,86,13,1.9499999999999997
PSYCHEDELIC TILE HOOK,166.35,295,40,0.7971428571428573
SET/4 DAISY MIRROR MAGNETS,166.27999999999997,486,36,0.5413888888888888
VINTAGE KITCHEN PRINT VEGETABLES,165.75,65,12,2.55
VINTAGE KITCHEN PRINT FRUITS,165.75,65,12,2.55
Bank Charges,165.001,12,11,13.750083333333334
VIPPASSPORT COVER ,164.58,127,21,1.9323809523809523
ASSORTED SHAPES PHOTO CLIP SILVER ,164.51,355,11,0.6335714285714287
FUNKY MONKEY CUSHION COVER,164.04999999999998,193,18,0.85
PURPLE ENAMEL+GLASS HAIR COMB,163.8,84,4,2.0125
ROUND PINK HEART MIRROR,163.8,78,16,2.1
JARDIN ETCHED GLASS LARGE BELL JAR,163.75,37,13,5.303846153846154
4 ROSE PINK DINNER CANDLES,163.38,138,14,1.2364285714285714
50CM METAL STRING WITH  7 CLIPS,163.37,221,19,0.8410526315789474
ENGLISH ROSE SMALL SCENTED FLOWER,163.2,192,27,0.85
PINK CHICK EGG WARMER + EGG CUP,162.25,135,18,1.2666666666666666
CLASSIC WHITE FRAME,162.25,55,15,2.95
SKULLS STORAGE BOX SMALL,161.70000000000002,77,25,2.1
LARGE SKULL WINDMILL,161.70000000000002,77,16,2.1
BLUE CIRCLES DESIGN MONKEY DOLL,160.64999999999998,63,25,2.55
FRENCH CHATEAU LARGE PLATTER ,160.5,70,18,2.95
CONDIMENT TRAY 4 BOWLS AND 4 SPOONS,160.39,17,9,9.787777777777777
SET 4 PICNIC CUTLERY BLUEBERRY,159.9,82,9,1.9500000000000002
MIRRORED WALL ART GENTS,159.51,163,35,1.56
SILVER FABRIC MIRROR,159.26,381,31,0.567741935483871
DIAMANTE BOW BROOCH RED COLOUR,158.75,25,10,6.35
LAVENDER SCENT CAKE CANDLE,158.64,600,16,0.27999999999999997
BOTANICAL LAVENDER BIRTHDAY CARD,158.61,363,32,0.47125
SET/4 BIRD MIRROR MAGNETS ,158.23,452,44,0.5313333333333333
WRAP RED DOILEY,157.5,375,15,0.42
SILVER PHOTO FRAME,157.5,75,20,2.1
GREEN ROUND COMPACT MIRROR,157.5,126,9,1.25
WRAP CAROUSEL,157.5,375,14,0.42
ZINC WIRE KITCHEN ORGANISER,156.8,25,12,7.175000000000001
TUMBLER BAROQUE,156.78,402,25,0.39
TUSCAN VILLA BIRD TABLE ,156.75,19,11,8.25
CHRYSANTHEMUM NOTEBOOK,156.75,95,36,1.65
SWIRLY CIRCULAR RUBBERS IN BAG,156.53,445,38,0.45921052631578946
"PINK/WHITE ""KEEP CLEAN"" BULLET BIN",156.35000000000002,53,13,2.95
NUMBER TILE VINTAGE FONT No ,156.18,143,7,1.7242857142857144
CAMPHOR WOOD PORTOBELLO MUSHROOM,155.61,141,23,1.1378260869565218
SPRIG LAVENDER ARTIFICIAL FLOWER,155.48,220,9,0.9733333333333333
RED  EGG  SPOON,155.4,1290,61,0.12491803278688525
CREAM HANGING HEART T-LIGHT HOLDER,155.35,57,7,2.892857142857143
CHAMBRE HOOK,155.07,123,18,1.16
ENAMEL BLUE RIM COFFEE CONTAINER,155.03,147,21,1.1928571428571428
SMALL CHUNKY GLASS ROMAN  BOWL,153.64000000000001,148,9,1.51
ANT COPPER PINK BOUDICCA BRACELET,153.45,31,9,4.95
RED ENAMEL FLOWER RING,153.4,52,12,2.9500000000000006
WHITE AND BLUE CERAMIC OIL BURNER,153.1,134,15,1.1966666666666665
ASS DES PHONE SPONGE CRAFT STICKER,153.09,509,14,0.465
LUNCH BOX WITH CUTLERY FAIRY CAKES ,153.0,60,24,2.55
ANTIQUE GLASS PLACE SETTING,152.5,122,8,1.25
HANGING METAL CHICKEN DECORATION,152.5,122,19,1.25
HEART TRELLISTRIPLE T-LIGHT HOLDER,152.24,56,5,2.81
GOLD EAR MUFF HEADPHONES,152.13,29,20,5.136
S/4 GROOVY CAT MAGNETS,151.92,142,17,1.2321052631578948
BOTANICAL LILY GREETING CARD,151.62,361,31,0.42
CHRISTMAS CARD SINGING ANGEL,151.2,360,25,0.42
MINI JIGSAW GO TO THE FAIR,151.07999999999998,386,26,0.41115384615384615
WHITE TISSUE REAM,151.05,19,13,7.950000000000001
FOLK ART METAL STAR T-LIGHT HOLDER,150.54,381,29,0.39655172413793105
FLOWER FAIRY 5 DRAWER LINERS,150.45,59,20,2.55
BLUE KNITTED HEN ,150.15,91,14,1.65
WHITE 3 FRAME BIRDS AND TREE ,150.0,20,10,10.05
BLUE PAINTED KASHMIRI CHAIR,149.85000000000002,3,1,49.95
BLACK BAROQUE CARRIAGE CLOCK,149.67,17,7,9.06142857142857
LARGE  TALL CAMPHOR WOOD TOADSTOOL ,149.65,29,13,5.126923076923077
KIDS CUTLERY DOLLY GIRL ,149.4,36,8,4.15
KIDS CUTLERY SPACEBOY ,149.4,36,8,4.15
RETRO LEAVES MAGNETIC NOTEPAD,149.35,103,17,1.45
PINK OVAL SHAPE TRINKET BOX,149.25,15,8,9.95
RAINBOW PEGS PHOTO CLIP STRING,148.88,262,24,0.7075
JUNGLE POPSICLES ICE LOLLY HOLDERS,148.75,119,15,1.25
CANDY SHOP  STICKER SHEET,148.75,175,20,0.85
NINJA RABBIT BLACK,148.29,116,21,1.52
PINK JEWELLED PHOTO FRAME,147.87,19,11,7.805454545454546
JARDIN ETCHED GLASS SMALL BELL JAR,147.85000000000002,43,8,3.6166666666666663
CLASSICAL ROSE CANDLESTAND,147.35000000000002,187,7,0.9928571428571429
ROUND WHITE CONFETTI IN TUBE,146.85,89,9,1.65
RETRO PLASTIC 70'S TRAY,146.55,343,35,0.46611111111111114
POLYESTER FILLER PAD 45x30cm,146.45,101,37,1.45
MILK PAN PINK POLKADOT,146.25,39,17,3.75
YELLOW EASTER EGG HUNT START POST,146.25,75,18,1.9500000000000002
CLEAR LOVE BIRD T-LIGHT HOLDER,146.21,38,6,4.368333333333333
SMALLFOLKART BAUBLE CHRISTMAS DEC,146.04,558,7,0.32142857142857145
RED BOUDICCA LARGE BRACELET,145.95,21,8,6.95
METALIC LEAVES BAG CHARMS,145.77,59,15,2.472
FUSCHIA FLOWER PURSE WITH BEADS,145.17000000000002,159,14,0.9714285714285714
BEACH HUT DESIGN BLACKBOARD,144.5,34,8,4.25
VINTAGE ROSE BEAD BRACELET RASPBERR,144.5,34,10,4.25
2 PICTURE BOOK EGGS EASTER DUCKS,143.75,115,16,1.25
SPACE BOY CHILDRENS CUP,143.3,130,5,1.21
MOROCCAN BEATEN METAL MIRROR,143.3,14,8,10.55
ROSE DU SUD WASHBAG ,142.8,24,12,5.95
STRIPES DESIGN TEDDY,142.79999999999998,56,30,2.55
SILVER STANDING GNOME   ,142.75,35,16,3.875
MIRRORED WALL ART SPLODGES,142.5,98,13,1.6346153846153846
PAISLEY PARK CARD,141.84,348,24,0.4175
BLOND DOLL DOORSTOP,141.75,109,14,1.6428571428571428
SET OF 12 ROSE BOTANICAL T-LIGHTS,141.60000000000002,48,7,2.95
SPACE CADET RED,141.17,111,21,1.305
"DECOUPAGE,GREETING CARD,",141.12,336,23,0.42
BOTANICAL ROSE GREETING CARD,141.12,336,21,0.42000000000000004
FRENCH PAISLEY CUSHION COVER,141.10000000000002,170,17,0.83
POPART RECT PENCIL SHARPENER ASST,140.52,1166,33,0.1290909090909091
CERAMIC STRAWBERRY TRINKET TRAY,140.25,55,12,2.55
MONEY BOX CONFECTIONERY DESIGN,140.25,136,22,1.1877272727272727
MOROCCAN BEATEN METAL DISH LARGE,140.25,11,7,12.75
METAL HERB GERDEN CONTAINER,139.68,24,5,6.078
ECONOMY LUGGAGE TAG,139.56,94,29,1.5499999999999998
BATHROOM SCALES RUBBER DUCKS,139.35,41,19,3.6657894736842107
SILVER OVAL SHAPE TRINKET BOX,139.29999999999998,14,7,9.95
MOROCCAN BEATEN METAL DISH,139.29999999999998,14,5,9.95
BLUE DAISY MOBILE,138.76,172,12,0.7999999999999999
ASSORTED COLOUR METAL CAT ,138.75,111,25,1.25
LILAC DIAMANTE PEN IN GIFT BOX,138.72,26,15,5.617999999999999
PACK OF 12 CHRISTMAS FUN CARDS,138.65,47,13,2.95
PURPLE ENAMEL FLOWER RING,138.65,47,11,2.95
VINTAGE BEAD NOTEBOOK,138.65,47,17,2.95
EASTER BUNNY WREATH,138.6,28,10,4.95
SET 4 PICNIC CUTLERY CHERRY ,138.45,71,9,1.9500000000000002
FUNKY MONKEY GIFT BAG MEDIUM,138.18,329,20,0.42000000000000004
PORCELAIN BUDAH INCENSE HOLDER,138.1,1501,19,0.09526315789473684
QUEEN OF THE SKIES PASSPORT COVER ,137.88,68,28,2.0707142857142857
BATHROOM HOOK,137.76,140,21,1.1345454545454545
FIRST CLASS PASSPORT COVER ,137.74,66,26,2.224615384615385
CHALKBOARD KITCHEN ORGANISER,137.7,6,3,23.95
GOLD SCROLL GLASS T-LIGHT HOLDER,137.22,80,5,1.8150000000000002
ASSORTED SANSKRIT MINI NOTEBOOK,136.25,109,6,1.25
CRYSTAL DIAMANTE EXPANDABLE RING,136.0,32,8,4.25
HEART T-LIGHT HOLDER,135.74,142,6,1.105
GREEN ENAMEL FLOWER RING,135.70000000000002,46,9,2.95
MEDIUM PINK BUDDHA HEAD ,135.70000000000002,46,14,2.95
SILVER BRACELET W PASTEL FLOWER,135.0,18,7,7.5
FLORAL PINK MONSTER,135.0,36,10,3.75
S/6 SEW ON CROCHET FLOWERS,135.0,108,18,1.25
SKULLS DESIGN FLANNEL,134.54999999999998,161,23,0.83
NUMBER TILE COTTAGE GARDEN 1,134.54999999999998,69,19,1.95
ABSTRACT CIRCLES POCKET BOOK,134.29999999999998,158,41,0.85
POLYESTER FILLER PAD 30CMx30CM,133.75,107,26,1.25
DIAMANTE BOW BROOCH GREEN COLOUR,133.35,21,10,6.35
WHITE SQUARE TABLE CLOCK,132.99,94,11,2.129090909090909
RED DAISY POCKET BOOK ,132.53,155,30,0.8751612903225806
PINK/YELLOW FLOWERS HANDBAG,132.5,106,8,1.25
BLUE PUDDING SPOON,132.29999999999998,1010,58,0.15050847457627117
SMALL KITCHEN FLOWER POTS PLAQUE,132.05,19,12,6.95
GREEN METAL BOX TOP SECRET,132.0,16,4,8.25
SMALL JEWELLERY STAND,132.0,16,6,8.25
TUSCAN VILLA BIRD FEEDER,132.0,16,8,8.25
"TUMBLER, NEW ENGLAND",131.94,138,11,1.1918181818181817
RED KUKUI COCONUT SEED NECKLACE,131.8,112,15,1.3299999999999998
GREEN MURANO TWIST BRACELET,131.75,31,7,4.25
PAPERWEIGHT VINTAGE PAISLEY,130.26,134,15,1.3153333333333335
BLUE CIRCLES DESIGN TEDDY,130.05,51,20,2.55
S/4 BLACK MINI ROSE CANDLE IN BOWL,129.94,222,12,1.3358333333333332
GLASS CHALICE GREEN  SMALL ,129.51,147,12,1.2133333333333332
NUMBER TILE COTTAGE GARDEN 2,128.7,66,15,1.95
MIRRORED WALL ART LADIES,128.4,160,30,0.8733333333333333
SILVER APERITIF GLASS,128.4,276,8,0.8225
THREE CANVAS LUGGAGE TAGS,128.26,66,10,2.356
75 GREEN PETIT FOUR CASES,128.1,305,33,0.42
VINTAGE ROSE BEAD BRACELET BLACK,127.5,30,11,4.25
GREEN WIRE STANDING CANDLE HOLDER,127.5,34,15,3.75
SET OF 2 TEA TOWELS PING MICROWAVE,127.42,78,23,2.2886956521739132
SPACE FROG,127.25,100,16,1.465
FRUIT TREE AND BIRDS WALL PLAQUE,127.2,16,9,7.949999999999999
BEADED PEARL HEART WHITE LARGE,127.05,77,10,1.65
VINTAGE KEEPSAKE BOX TRAVELOGUE,127.0,20,10,6.35
COSY SLIPPER SHOES SMALL  RED ,126.85000000000001,43,18,2.95
SET 4 PICNIC CUTLERY FONDANT,126.75,65,6,1.95
GLASS SONGBIRD STORAGE JAR,126.7,11,3,12.049999999999999
FIRST CLASS LUGGAGE TAG ,126.69,105,23,1.2341666666666666
CREAM SWEETHEART WALL CABINET,126.65,7,5,18.55
GOLD WINE GOBLET,126.4,160,7,0.79
PURPLE ACRYLIC FACETED BANGLE,125.0,104,5,1.15
LARGE JEWELLERY STAND,125.0,10,4,12.5
SILVER HOOP EARRINGS WITH FLOWER,124.95,21,11,5.95
FELT EGG COSY LADYBIRD ,124.83,255,18,0.868
HANGING WOOD AND FELT HEART,124.32,296,39,0.42
BEADED CRYSTAL HEART GREEN SMALL,124.11,101,16,1.389375
PINK HORSE SOCK PUPPET KIT,123.9,42,14,2.95
PINK PILLAR CANDLE SILVER FLOCK,123.68,80,18,2.23
SMALL CAMPHOR WOOD FIELD  MUSHROOM,123.21,93,19,1.4510526315789474
SET OF 3 MINI HANGING PORTRAITS,123.2,32,2,3.95
CRYSTAL STUD EARRINGS CLEAR DISPLAY,123.12,324,7,0.38
LARGE PARLOUR FRAME,122.85,27,2,4.725
CHERRY BLOSSOM PASSPORT COVER,122.78,134,25,1.3172
CANDY SPOT EGG WARMER RABBIT,122.75,501,30,0.29600000000000004
FRENCH ENAMEL UTENSIL HOLDER,122.75,37,10,3.6700000000000004
SET OF 4 POLKADOT COASTERS,122.42,96,32,1.325625
BLACK MINI TAPE MEASURE ,121.3,158,30,0.8456666666666667
BLUE ROUND COMPACT MIRROR,121.25,87,11,1.7045454545454546
ZINC HEART LATTICE 2 WALL PLANTER,120.64999999999999,19,11,6.35
BEADED CRYSTAL HEART GREEN ON STICK,120.38,142,13,0.8946153846153846
MIRROR MOSAIC CANDLE PLATE,120.07,151,12,1.3641666666666667
SMALL WHITE/PINK ROSE ART FLOWER,120.07,107,9,1.2077777777777778
DAISY FOLKART HEART DECORATION,120.0,96,16,1.25
FLORAL SOFT CAR TOY,120.0,32,10,3.75
GIFT BAG LARGE SPOT ,120.0,96,6,1.25
ASSORTED CIRCULAR MOBILE,119.99999999999999,640,19,0.207
NINJA RABBIT PINK,119.95,99,17,1.2394444444444443
VINTAGE ZINC WATERING CAN,119.39999999999999,12,7,9.95
CANDY SPOT CUSHION COVER,119.36000000000001,40,7,2.9985714285714287
YELLOW DRAGONFLY HELICOPTER,119.25,15,6,7.95
PINK OVAL JEWELLED MIRROR,119.0,20,11,5.95
SET OF 12 T-LIGHTS VINTAGE DOILEY,118.94999999999999,61,6,1.95
FOLDING MIRROR HOT PINK ,118.92000000000002,156,5,0.808
CITRUS GARLAND FELT FLOWERS ,117.0,60,14,1.95
MOCK LOBSTER FRIDGE MAGNET,116.61999999999999,266,22,0.49454545454545457
RETRO PLASTIC DAISY TRAY,116.59,252,32,0.5140625
BLACK SILOUETTE CANDLE PLATE,116.44999999999999,137,20,0.85
SUMMER FUN DESIGN SHOWER CAP,116.32999999999998,325,18,0.5566666666666666
"SMALL POP BOX,FUNKY MONKEY",116.25,93,13,1.25
RED   ACRYLIC FACETED BANGLE,115.9,94,5,1.49
LUNCH BAG VINTAGE DOILEY ,115.5,70,4,1.65
STARFISH SOAP DISH,115.25,59,12,2.0084615384615385
EIGHT PIECE DINOSAUR SET,115.0,92,18,1.25
FRENCH STYLE STORAGE JAR JAM,114.85,317,30,0.3516129032258064
GROOVY CACTUS INFLATABLE,114.41,291,21,0.41190476190476194
BLUE FLY SWAT,114.21,135,42,0.86
WALL ART BICYCLE SAFTEY ,114.15,21,3,5.75
SILVER LARIAT 40CM,113.9,22,7,8.55
JADE DROP EARRINGS W FILIGREE,113.85000000000001,23,8,4.95
ICON PLACEMAT POP ART ELVIS,113.64,827,28,0.14142857142857143
BEADED CRYSTAL HEART PINK ON STICK,113.09,115,12,1.005
BLUE CAT BISCUIT BARREL PINK HEART,111.14999999999999,57,9,1.9500000000000002
NUMBER TILE VINTAGE FONT 3,110.28999999999999,83,20,1.8079999999999998
PANTRY KITCHEN THERMOMETER ,110.0,88,22,1.25
PSYCHEDELIC WALL THERMOMETER,109.93,79,14,1.9214285714285713
LARGE TORTILLA DESIGN RED BOWL,109.8,64,9,2.1166666666666667
RED PUDDING SPOON,109.74,837,48,0.1575
NEW BAROQUE BLACK PHOTO ALBUM,109.65,24,11,5.9772727272727275
NUMBER TILE COTTAGE GARDEN No,109.2,52,11,2.1
NUMBER TILE COTTAGE GARDEN 9,109.2,56,13,1.9499999999999997
SCENTED CANDLE IN DIGITALIS TIN,109.2,52,10,2.1
SNACK TRAY RED GINGHAM,109.2,56,11,1.95
PINK/BLUE STRING CURTAIN ,109.2,56,4,1.95
QUEEN OF SKIES LUGGAGE TAG,109.11,89,34,1.31
PAPER LANTERN 6 POINT SNOW STAR,107.9,26,6,4.15
LAVENDER INCENSE 40 CONES IN TIN,107.45,109,10,1.17
HEN HOUSE W CHICK STANDING,107.39999999999999,270,16,0.416875
LARGE CAMPHOR WOOD FIELD MUSHROOM ,107.30000000000001,22,10,4.6863636363636365
NUMBER TILE COTTAGE GARDEN 4,107.25,55,13,1.9499999999999997
SMALL PARLOUR FRAME,106.98000000000002,42,2,2.6900000000000004
BANK ACCOUNT  GREETING  CARD ,106.98,265,17,0.41647058823529415
MINI LADLE LOVE HEART PINK,106.56,242,45,0.46555555555555556
FROSTED WHITE BASE ,106.44999999999999,229,17,0.6276470588235294
WOODLAND LARGE BLUE FELT HEART,106.25,85,8,1.25
ASSORTED CHEESE FRIDGE MAGNETS,105.94999999999999,163,8,0.65
NUMBER TILE COTTAGE GARDEN 6,105.3,54,11,1.95
TEATIME PUSH DOWN RUBBER,105.28999999999999,467,6,0.305
BOTANICAL LILY GIFT WRAP,105.0,250,7,0.42
PACKING CHARGE,105.0,14,14,7.5
HOUSE WRECKING METAL SIGN ,105.0,50,23,2.1
12 PINK HEN+CHICKS IN BASKET,104.55,41,14,2.55
ZINC SWEETHEART SOAP DISH,104.41,59,19,1.953157894736842
DAISY NOTEBOOK ,103.95,63,20,1.65
NUMBER TILE COTTAGE GARDEN 0 ,103.35,53,10,1.95
HEART T-LIGHT HOLDER ,102.95,71,12,1.4499999999999997
NUMBER TILE VINTAGE FONT 2,102.49,79,13,1.7315384615384615
NUMBER TILE VINTAGE FONT 6 ,102.49,79,12,1.7133333333333332
PURPLE GEMSTONE NECKLACE 45CM,102.0,8,5,12.75
MIRRORED WALL ART PHOTO FRAMES,102.0,24,10,4.25
5 STRAND GLASS NECKLACE CRYSTAL,101.6,16,7,6.35
NUMBER TILE COTTAGE GARDEN 8,101.39999999999999,52,11,1.95
CAROUSEL DESIGN WASHBAG,101.39999999999999,52,26,1.9499999999999997
NUMBER TILE COTTAGE GARDEN 3 ,101.39999999999999,52,10,1.95
SET/3 RABBITS FLOWER SKIPPPING ROPE,101.14999999999999,119,21,0.85
"ACRYLIC HANGING JEWEL,BLUE",101.08,266,22,0.38
SET OF 4 CAROUSEL PLACEMATS ,101.06,70,8,2.385
MINI HIGHLIGHTER PENS,100.80000000000001,840,4,0.12
RED RETROSPOT WASHBAG,100.80000000000001,48,14,2.1
SMALL BLUE PROVENCAL CERAMIC BALL,100.64999999999999,61,8,1.65
NUMBER TILE VINTAGE FONT 4,100.53999999999999,78,11,1.6918181818181817
BEADED CRYSTAL HEART BLUE SMALL,99.88,77,12,1.5525
NUMBER TILE COTTAGE GARDEN 7,99.45,51,14,1.95
"ACRYLIC JEWEL ICICLE, PINK",99.18,261,17,0.38
TUSCAN VILLA FEEDING STATION,99.0,12,7,8.25
TUSCAN VILLA DOVECOTE,99.0,12,4,8.25
BUNDLE OF 3 RETRO EXERCISE BOOKS,99.0,60,5,1.65
LAVENDER INCENSE IN TIN,98.91,171,25,0.7976000000000001
BLACK CHUNKY BEAD BRACELET W STRAP,98.44999999999999,11,7,8.95
CHERRY BLOSSOM CANVAS ART PICTURE,97.95,41,6,3.9499999999999997
PACK/12 XMAS FUN CARD,97.35000000000001,33,10,2.95
PINK CANDYSTUFT ARTIFICIAL FLOWER,96.88999999999999,137,11,1.0645454545454545
PINK HYDRANGEA ART FLOWER,96.60000000000001,46,5,2.1
PACK 3 BOXES CHRISTMAS PANETTONE,95.67,39,12,2.495
PURPLE GEMSTONE BRACELET,95.2,16,7,6.378571428571428
NUMBER TILE VINTAGE FONT 5,94.69,75,16,1.7725
YELLOW FLOWERS FELT HANDBAG KIT,94.5,45,18,2.1
WOVEN ROSE GARDEN CUSHION COVER ,94.05000000000001,19,8,4.95
PINK BERTIE GLASS BEAD BAG CHARM,93.89999999999999,109,6,1.0583333333333333
PACK 3 FIRE ENGINE/CAR PATCHES,93.75,75,11,1.25
HOME SWEEET HOME 3 PEG HANGER ,93.75,25,4,3.75
WHITE VINT ART DECO CRYSTAL NECKLAC,93.5,11,7,8.5
AMBER DIAMANTE EXPANDABLE RING,93.5,22,5,4.25
CHRISTMAS RETROSPOT HEART WOOD,93.5,110,10,0.85
BLACK GRAND BAROQUE PHOTO FRAME,93.0,48,7,3.392857142857143
NUMBER TILE VINTAGE FONT 7,92.74,74,13,1.7315384615384615
POSY CANDY BAG,92.5,74,8,1.25
LARGE BLUE PROVENCAL CERAMIC BALL,92.4,44,8,2.1
BLUE PAISLEY NOTEBOOK,92.39999999999999,56,23,1.6499999999999997
PINK MARSHMALLOW SCARF KNITTING KIT,91.8,36,1,2.55
NUMBER TILE COTTAGE GARDEN 5,91.64999999999999,47,13,1.9499999999999997
DOUBLE CERAMIC PARLOUR HOOK,91.30000000000001,22,5,4.15
IVORY SHELL HEART NECKLACE,90.67,19,6,5.73
JASMINE VOTIVE CANDLE,90.33999999999999,338,12,0.27666666666666667
ASS FLORAL PRINT SPIRIT LEVEL ,90.13,95,32,1.1214285714285714
FOLK FELT HANGING MULTICOL GARLAND,90.0,24,8,3.75
POLKADOT MUG PINK ,89.7,62,8,1.4925
PINK BITTY LIGHT CHAIN,89.65,69,7,1.7357142857142858
AMBER GLASS/SILVER BRACELET,89.5,10,7,8.95
WOODEN BOX ADVENT CALENDAR ,89.5,10,5,8.95
LONG SILVER NECKLACE PASTEL FLOWER,89.25,7,5,12.75
BLACK DIAMANTE EXPANDABLE RING,89.25,21,5,4.25
VINTAGE KITCHEN PRINT SEAFOOD,89.24999999999999,35,6,2.55
SILVER M.O.P ORBIT BRACELET,89.10000000000001,18,9,4.95
PAISLEY PATTERN  STICKERS,88.39999999999999,104,16,0.85
GREEN PEONY CUSHION COVER,88.35,19,6,4.65
MIRRORED WALL ART FOXY,88.2,15,8,4.94
"FLOWER GLASS GARLAND NECKL.36""BLACK",87.45,11,4,7.95
BLACK+WHITE NECKLACE W TASSEL,87.35,13,5,8.55
SET/4 MODERN VINTAGE COTTON NAPKINS,86.75,77,23,1.1656521739130437
GREEN FERN NOTEBOOK,85.8,52,22,1.65
PAINTED SEA SHELL METAL WINDCHIME,85.31,93,8,1.53
BLUE SWEETHEART BRACELET,85.0,20,6,4.25
BLUE MURANO TWIST BRACELET,85.0,20,5,4.25
NUMBER TILE VINTAGE FONT 1,84.94,70,11,1.6918181818181817
FLAMES SUNGLASSES PINK LENSES,84.45,47,6,1.9000000000000001
PINK STOCKING CHRISTMAS DECORATION,84.36,222,16,0.38
TURQUOISE CRYSTAL+GLASS BRACELET,84.15,17,5,4.95
MEDIUM PARLOUR FRAME ,84.1,22,2,3.95
WRAP FOLK ART,84.0,200,8,0.42
OYSTER TRINKET BOX,83.87,47,13,2.8985714285714286
FOUR RABBIT EASTER DECORATIONS,83.75,67,11,1.25
SPACE CADET WHITE,83.63,64,15,1.492
PINK HEART OF GLASS BRACELET,83.3,14,8,5.95
12 HANGING EGGS HAND PAINTED,83.2,40,7,2.08
ROSE DU SUD CUSHION COVER,82.55,13,6,6.349999999999999
SILVER  CANDLEPOT JARDIN ,82.5,22,7,3.75
PINK AND BLACK STRING CURTAIN,82.1,38,5,3.55
TEATIME GEL PENS ASST,82.08,504,5,0.24
BLUE KNITTED EGG COSY,81.50999999999999,149,25,0.7020000000000001
IVY HEART WREATH,81.0,12,7,6.75
PEACH KNITTED HEN ,80.85000000000001,49,8,1.65
SILVER/M.O.P PENDANT ORBIT NECKLACE,80.75,14,4,7.4375
SET/6 POSIES PAPER PLATES,80.75,95,9,0.85
WHITE GLASS CHUNKY CHARM BRACELET,80.55,9,8,8.95
BLUE GLASS CHUNKY CHARM BRACELET,80.55,9,6,8.95
SET 36 COLOUR PENCILS DOILEY,80.0,64,3,1.25
WHITE CHRYSANTHEMUMS ART FLOWER,79.8,38,5,2.1
ANT SILVER LIME GREEN BOUDICCA RING,79.65,27,10,2.95
SILVER/MOP ORBIT NECKLACE,79.6,8,7,9.95
GOLD M PEARL  ORBIT NECKLACE,79.6,8,6,9.95
GOLDIE LOOKING MIRROR,79.2,16,5,4.95
VINTAGE ZINC WATERING CAN SMALL,79.2,16,6,4.95
VINTAGE KITCHEN PRINT PUDDINGS,79.05,31,7,2.55
RED PEONY CUSHION COVER ,79.05,17,5,4.65
STRIPES DESIGN MONKEY DOLL,79.05,31,14,2.55
BEACH HUT KEY CABINET,78.75,21,9,3.75
BEADED CRYSTAL HEART BLUE ON STICK,78.71,73,11,1.0036363636363637
CLASSIC CROME BICYCLE BELL ,77.4,60,2,1.35
GREEN HEART OF GLASS BRACELET,77.35,13,5,5.95
NUMBER TILE VINTAGE FONT 8,77.14,66,11,1.6918181818181817
GOLD/M.O.P PENDANT ORBIT NECKLACE,76.5,9,8,8.5
TROPICAL LUGGAGE TAG,76.39,61,22,1.3513636363636363
FROG CANDLE,76.25,61,17,1.25
DAISY HAIR BAND,75.9,46,6,1.6499999999999997
MIRRORED WALL ART TABLE LAMP,75.73,67,25,1.3292000000000002
VINTAGE ZINC PLANTER  ,75.66999999999999,23,5,3.29
CLEAR MILKSHAKE GLASS,75.60000000000001,36,5,2.1
HILDA CANDY SPOT RABBIT,75.0,20,11,3.75
GREEN GEISHA GIRL ,75.0,20,10,3.75
BLUE GEISHA GIRL ,75.0,20,10,3.75
FLORAL BATHROOM SET,75.0,20,11,3.75
VINTAGE ENGRAVED HEART,75.0,60,4,1.25
"RUSTIC WOODEN CABINET, GLASS DOORS",74.85,3,2,24.95
PAPER LANTERN 9 POINT HOLLY STAR 23,74.7,18,5,4.15
ALUMINIUM HEART,74.7,30,6,2.49
ROSE DU SUD CUSHION COVER ,74.25,15,5,4.95
LILY BROOCH AMETHYST COLOUR,74.25,15,8,4.95
WOVEN BERRIES CUSHION COVER ,74.25,15,7,4.95
BROWN KUKUI COCONUT SEED NECKLACE,74.0,74,8,1.0
MOUSEY LONG LEGS SOFT TOY,73.95,29,11,2.55
HANGING BAUBLE T-LIGHT HOLDER LARGE,73.75,25,9,2.95
VINTAGE NOTEBOOK TRAVELOGUE,73.75,25,4,2.95
VIP PASSPORT COVER ,73.5,35,11,2.1
DRAGONS BLOOD INCENSE,73.29,349,13,0.21
4 SKY BLUE DINNER CANDLES,72.5,58,12,1.25
SET OF 36 SPACEBOY PAPER DOILIES,72.5,50,7,1.45
POLYESTER FILLER PAD 65CMx65CM,72.25,17,5,4.25
SILVER M.O.P ORBIT DROP EARRINGS,72.25,17,9,4.25
SPOTTED WHITE NATURAL SEED NECKLACE,72.0,72,7,1.0
FLOWERS TILE HOOK,71.82,57,11,1.53
PINK KNITTED EGG COSY,71.75999999999999,140,25,0.6900000000000001
AMBER CHUNKY GLASS+BEAD NECKLACE,71.69999999999999,6,6,11.949999999999998
AMBER CHUNKY BEAD BRACELET W STRAP,71.6,8,4,8.95
NECKLACE+BRACELET PINK BUTTERFLY,71.39999999999999,28,9,2.55
NUMBER TILE VINTAGE FONT 9 ,71.28999999999999,63,8,1.595
YELLOW POT PLANT CANDLE,71.05,23,9,3.127777777777778
CHARLIE AND LOLA CHARLOTTE BAG,70.95,43,8,1.65
CONGRATULATIONS BUNTING,70.85,13,3,5.45
STRIPY DESIGN SHOWER CAP,70.57,197,15,0.6739999999999999
PINK ROSEBUD PEARL BRACELET,70.35,19,6,4.7250000000000005
PINK SQUARE TABLE CLOCK,70.10000000000001,62,5,1.494
WRAP BAD HAIR DAY,70.0,700,22,0.1
BLUE WIRE SPIRAL CANDLE HOLDER,69.85,11,5,6.35
GREEN MURANO TWIST NECKLACE,69.65,7,4,9.95
ROUND PURPLE CLOCK WITH SUCKER,69.35,365,24,0.19
NUMBER TILE VINTAGE FONT 0,69.34,62,8,1.595
WOVEN BUBBLE GUM CUSHION COVER,69.30000000000001,14,6,4.95
WOVEN CANDY CUSHION COVER ,69.3,14,5,4.95
ST TROPEZ NECKLACE,69.3,14,6,4.95
"GREETING CARD,SQUARE, DOUGHNUTS",68.84,160,13,0.483076923076923
EASTER BUNNY WITH BASKET ON BACK,68.25,105,18,0.65
ASSORTED FARMYARD ANIMALS IN BUCKET,68.06,86,6,0.815
CAKE STAND VICTORIAN FILIGREE LARGE,68.0,8,4,8.5
BLACK VINT ART DEC CRYSTAL NECKLACE,68.0,8,5,8.5
SILVER/NATURAL SHELL NECKLACE,68.0,8,4,8.5
ORIGAMI VANILLA INCENSE CONES,67.83,154,7,0.6071428571428571
LUSH GREENS RIBBONS,67.5,54,13,1.25
EASTER BUNNY HANGING GARLAND,67.5,54,11,1.25
CRYSTAL PAIR HEART HAIR SLIDES,67.5,18,7,3.75
SMALL ZINC/GLASS CANDLEHOLDER,67.25,49,6,1.45
BLUE BLOSSOM HAIR CLIP,67.2,64,6,1.05
SET OF 12 MINI BUNNIES IN A BUCKET,67.2,32,18,2.1
"ACRYLIC HANGING JEWEL,PINK",66.55,95,7,0.5042857142857143
BEACH HUT MIRROR,66.39,49,8,2.9525
WHITE  ROSEBUD PEARL BRACELET,65.7,28,7,2.742857142857143
PINK B'FLY C/COVER W BOBBLES,65.45,11,6,5.95
RASPBERRY ANT COPPER FLOWER NECKLAC,65.45,11,6,5.95
PURPLE BERTIE GLASS BEAD BAG CHARM,65.39999999999999,74,5,1.35
"FOLK ART GREETING CARD,pack/12",64.9,22,9,2.95
PACK/12 BLUE FOLKART CARDS,64.9,22,18,2.95
BISCUIT TIN VINTAGE LEAF,64.56,24,3,2.7566666666666664
"DECORATION HEN ON NEST, HANGING",64.35,39,3,1.6499999999999997
VINTAGE ENAMEL & CRYSTAL EARRINGS,64.35,13,4,4.95
16 PC CUTLERY SET PANTRY DESIGN,63.8,4,1,15.95
BLUE SQUARE COMPACT MIRROR,63.75,51,8,1.25
EAU DE NILE JEWELLED T-LIGHT HOLDER,63.75,75,9,0.85
FINE SILVER NECKLACE W PASTEL FLOWE,63.75,13,3,6.25
SILVER LATTICE VANILLA CANDLE POT,63.75,17,7,3.75
PINK METAL SWINGING BUNNY,63.74999999999999,75,8,0.85
TURQUOISE BERTIE GLASS BEAD CHARM,63.3,73,3,1.2666666666666666
"ACRYLIC JEWEL SNOWFLAKE, PINK",63.28,162,5,0.724
CHRISTMAS CRAFT HEART STOCKING ,63.0,30,1,2.1
METAL RABBIT LADDER EASTER ,62.9,74,16,0.85
SCOTTIES CHILDRENS APRON,62.7,38,10,1.65
BLACK/WHITE GLASS/SILVER BRACELET,62.64999999999999,7,3,8.95
MIDNIGHT BLUE GLASS/SILVER BRACELET,62.64999999999999,7,5,8.95
PINK STRING CURTAIN WITH POLE,62.6,28,7,2.5214285714285714
MONEY BOX FIRST ADE DESIGN,62.5,50,13,1.25
RED DAISY PAPER LAMPSHADE,62.5,50,6,1.25
SMALL HANGING GLASS+ZINC LANTERN,62.349999999999994,43,8,1.45
ORIGAMI SANDLEWOOD INCENSE+FLOWER,62.15,80,6,1.1333333333333335
SET/6 POSIES PAPER CUPS,62.12,126,10,0.466
TURQUOISE GLASS TASSLE BAG CHARM ,61.95,21,6,2.9500000000000006
ZINC HEART LATTICE CHARGER SMALL,61.95,21,8,2.95
A4 WALL TIDY BLUE OFFICE,61.86000000000001,114,5,0.554
FLOWERS HANDBAG blue and orange,61.25,49,3,1.25
"WALL ART ,PUDDINGS ",61.2,8,2,7.85
SET OF 36 DOLLY GIRL PAPER DOILIES,60.9,42,12,1.45
HANGING RIDGE GLASS T-LIGHT HOLDER,60.84,36,2,1.69
BLUE DISCO HANDBAG,60.68,30,10,2.168
ORIENTAL RED CUSHION COVER ,60.45,13,4,4.65
CUBIC MUG FLOCK BLUE ON BROWN,60.33,127,17,0.898235294117647
PIG MUG IN TWO COLOUR DESIGNS,60.04,128,11,0.5154545454545455
"BATHROOM SCALES, TROPICAL BEACH",60.0,16,10,3.75
MIDNIGHT BLUE VINTAGE EARRINGS,60.0,16,3,3.75
PAIR BUTTERFLY HAIR CLIPS,60.0,16,3,3.75
ELVIS WALLHANGING / CURTAIN,60.0,48,6,1.25
"BREAD BIN, DINER STYLE, MINT",59.8,4,1,14.95
"BREAD BIN, DINER STYLE, IVORY",59.8,4,1,14.95
PINK MURANO TWIST NECKLACE,59.699999999999996,6,4,9.95
PINK PAISLEY CUSHION COVER ,59.5,10,6,5.95
SET OF 72 GREEN PAPER DOILIES,59.449999999999996,41,18,1.45
WOVEN SUNSET CUSHION COVER ,59.400000000000006,12,3,4.95
PINK BUTTERFLY CUSHION COVER ,59.400000000000006,12,2,4.95
RUSTIC STRAWBERRY JAMPOT SMALL,59.400000000000006,36,3,1.6499999999999997
WAY OUT METAL SIGN ,59.400000000000006,36,8,1.65
I LOVE LONDON WALL ART,59.400000000000006,12,2,4.95
CRYSTAL DIAMANTE STAR BROOCH,59.4,12,7,4.95
AMBER DROP EARRINGS W LONG BEADS,59.00000000000001,20,5,2.95
ENGLISH ROSE METAL WASTE BIN,59.0,20,11,2.95
PINK & WHITE ROSEBUD RING,58.900000000000006,14,8,4.1875
PARTY TIME DESIGN FLANNEL,58.9,72,11,0.8081818181818182
"TUMBLER, BAROQUE",58.86,54,5,1.398
GARDEN PATH POCKET BOOK,58.65,69,21,0.85
CLEAR ACRYLIC FACETED BANGLE,58.6,40,6,2.016666666666667
CD WALL TIDY RED FLOWERS,58.56,160,5,0.384
SET OF 36 PANTRY PAPER DOILIES,58.019999999999996,39,14,1.5479999999999998
BLACK ORANGE SQUEEZER,57.96,138,21,0.42000000000000004
TOP SECRET PEN SET,57.5,46,10,1.25
RETRO PINK BALL ASHTRAY ,57.5,46,13,1.25
SET 4 NURSERY DES ROUND BOXES,57.25,55,9,1.55
PAIR OF ENAMEL BUTTERFLY HAIRCLIP,56.95,17,8,3.35
SMOKEY GREY COLOUR GLASS,56.83999999999999,196,11,0.29
PINK/PURPLE CIRCLE CURTAIN,56.52,52,6,1.3414285714285714
BLUE TABLE RUN FLOWER,56.25,45,11,1.25
BLUE TRAVEL FIRST AID KIT,56.1,34,7,1.65
SET OF 3 CONEY ISLAND OVAL BOXES,55.95,12,7,4.457142857142857
"LETTER ""A"" BLING KEY RING",55.71,63,14,1.1128571428571428
CLASSICAL ROSE TABLE LAMP,55.7,6,2,11.95
"FLOWER GLASS GARLD NECKL36""AMETHYST",55.650000000000006,7,5,7.95
RECIPE BOX WITH METAL HEART,55.65,7,3,7.95
AMETHYST DIAMANTE EXPANDABLE RING,55.25,13,3,4.25
ROSE DU SUD DRAWSTRING BAG,55.25,13,5,4.25
SWEET PUDDING STICKER SHEET,55.24999999999999,65,15,0.85
BLACK SMALL GLASS CAKE STAND,54.99,61,12,1.17
COLUMBIAN CUBE CANDLE,54.599999999999994,28,12,1.95
LILY BROOCH OLIVE COLOUR,54.45,11,6,4.95
WOVEN FROST CUSHION COVER,54.45,11,6,4.95
TEATIME PEN CASE & PENS,54.4,64,13,0.85
CHRYSANTHEMUM POCKET BOOK ,54.4,64,20,0.85
"RETRO ""TEA FOR ONE"" ",54.3,14,11,3.5863636363636364
GOLD FABRIC MIRROR,54.21,139,17,0.39
BLUE TILED TRAY,54.0,8,4,6.75
BLACK CHERRY LIGHTS,54.0,8,1,6.75
SPACEBOY MINI RUCKSACK,53.95,13,4,4.15
WAKE UP COCKEREL TILE HOOK,53.85,46,14,1.4892857142857143
4 BURGUNDY WINE DINNER CANDLES,53.75,43,11,1.25
ZINC HEART LATTICE TRAY OVAL ,53.550000000000004,9,7,5.95
HEART BUTTONS JEWELLERY BOX,53.550000000000004,7,4,7.65
GREEN FERN POCKET BOOK,53.55,63,22,0.85
BLUE ROSE PATCH PURSE PINK BUTTERFL,52.8,32,8,1.65
FOLK ART METAL HEART T-LIGHT HOLDER,52.760000000000005,145,18,0.37
BLUE CLIMBING HYDRANGA ART FLOWER,52.5,38,3,2.0833333333333335
CUBIC MUG FLOCK PINK ON BROWN,52.5,118,20,0.5957142857142858
CREAM CLIMBING HYDRANGA ART FLOWER,52.5,30,3,2.0833333333333335
DIAMANTE NECKLACE PURPLE,52.5,7,4,7.5
FIRE POLISHED GLASS BRACELET GREEN,52.5,14,2,3.75
HELLO SAILOR BATHROOM SET,52.5,14,9,3.75
DOORKNOB CERAMIC IVORY,52.2,36,1,1.45
RETO LEAVES MAGNETIC SHOPPING LIST,52.199999999999996,36,3,1.45
VINTAGE BEAD COSMETIC BAG ,51.82,16,6,3.095714285714286
FRENCH CHATEAU SMALL FRUITBOWL,51.599999999999994,24,8,2.025
RETRO BROWN BALL ASHTRAY ,51.25,41,5,1.25
BLACK GEMSTONE NECKLACE 45CM,51.0,4,4,12.75
SILVER LARIAT BLACK STONE EARRINGS,51.0,12,6,4.25
NECKLACE+BRACELET SET BLUE HIBISCUS,50.99999999999999,20,13,2.55
TEATIME FUNKY FLOWER BACKPACK FOR 2,50.849999999999994,3,3,16.95
5 STRAND GLASS NECKLACE BLACK,50.8,8,3,6.349999999999999
VINTAGE PHOTO ALBUM PARIS DAYS,50.8,8,3,6.349999999999999
GREEN EASTER EGG HUNT START POST,50.699999999999996,26,9,1.9500000000000002
S/3 POT POURI CUSHIONS BLUE COLOURS,50.400000000000006,24,2,2.1
FUSCHIA VOILE POINTY SHOE DEC,50.31,97,15,0.702
PINK FEATHERS CURTAIN,50.28,52,3,0.9433333333333334
COLOURFUL FLOWER FRUIT BOWL,50.25,16,11,2.3181818181818183
GREEN GLASS TASSLE BAG CHARM,50.150000000000006,17,6,2.9500000000000006
DROP DIAMANTE EARRINGS PURPLE,50.150000000000006,17,6,2.9500000000000006
LARGE ZINC GLASS CANDLEHOLDER,49.98,18,4,3.115
SPACE CADET BLACK,49.96,39,10,1.371
CRYSTAL FROG PHONE CHARM,49.92999999999999,85,11,1.2863636363636362
VEGETABLE MAGNETIC  SHOPPING LIST,49.8,36,3,1.3833333333333335
DECROTIVEVINTAGE COFFEE GRINDER BOX,49.5,10,4,4.95
CORDIAL JUG,49.5,6,2,8.25
PINK FLOWERS RABBIT EASTER,48.95,21,5,2.35
BUTTONS AND STRIPES NOTEBOOK ,48.75,13,7,3.75
CAKE SHOP  STICKER SHEET,48.449999999999996,57,8,0.85
CAKES AND RABBITS DESIGN FLANNEL ,48.449999999999996,57,10,0.85
PURPLE DRESS JEWELLERY STAND,48.19,61,3,0.79
BILI NUT AND WOOD NECKLACE,48.0,48,5,1.0
CHRISTMAS TREE T-LIGHT HOLDER,47.849999999999994,33,7,1.45
"FLOWER GLASS GARLAND NECKL.36""BLUE",47.7,6,2,7.95
FLOWER GARLAND NECKLACE RED,47.7,6,4,7.95
"WALL ART , LOVES' SECRET ",47.6,8,2,5.95
RUBY GLASS CLUSTER BRACELET,47.6,8,3,5.95
TURQUOISE HEART OF GLASS BRACELET,47.6,8,4,5.95
"LARGE CAKE TOWEL, CHOCOLATE SPOTS",47.25,7,4,6.75
LOVE POTION MASALA INCENSE,47.25,225,8,0.21
RED PEONY TABLE CLOCK,47.2,16,10,2.95
SET OF 6 ICE CREAM SKITTLES,47.2,16,3,2.9500000000000006
YELLOW/BLUE RETRO RADIO,47.2,16,7,2.95
RED GLASS TASSLE BAG CHARM,47.2,16,5,2.95
COLUMBIAN  CUBE CANDLE ,47.18,98,8,0.7424999999999999
BLUE MONTE CARLO HANDBAG,46.8,24,1,1.95
PINK SMALL GLASS CAKE STAND,46.8,24,1,1.95
CROCHET WHITE RABBIT KEYRING ,46.349999999999994,31,3,1.5833333333333333
WHITE WIRE PLANT POT HOLDER,46.24,16,2,2.89
WHITE HYDRANGEA ART FLOWER,46.2,22,3,2.1
BLACK BIRD GARDEN DESIGN MUG,46.11,105,15,0.44375000000000003
PAPER LANTERN 5 POINT STUDDED STAR,46.0,8,4,5.75
ROMANTIC IMAGES SCRAP BOOK SET,45.9,16,7,3.892857142857143
PINK FELT HANGING HEART W FLOWER,45.9,54,5,0.85
SET/6 GREEN SPRING PAPER CUPS,45.73,231,24,0.22833333333333336
FAWN AND MUSHROOM GREETING CARD,45.36,108,8,0.42
MIDNIGHT BLUE PAIR HEART HAIR SLIDE,45.0,12,5,3.75
RESIN NECKLACE W PASTEL BEADS,45.0,6,4,7.5
PERIWINKLE T-LIGHT HOLDER,45.0,36,10,1.25
4 PINK FLOCK CHRISTMAS BALLS,45.0,36,11,1.25
MOP PENDANT SHELL NECKLACE,44.55,9,3,4.95
ANT COPPER RED BOUDICCA BRACELET,44.55,9,6,4.95
TEAL/FUSCHIA COL BEAD NECKLACE,44.55,9,3,4.95
GREEN  DIAMANTE PEN IN GIFT BOX,44.55,9,5,4.95
DIAMANTE BOW BROOCH BLACK COLOUR,44.449999999999996,7,4,6.35
FROG SOCK PUPPET,44.25000000000001,15,8,2.95
CHERRY BLOSSOM LUGGAGE TAG,43.67,33,6,1.6533333333333333
BLUE FLOWER DES PURSE,43.66,44,6,0.9700000000000001
"RETRO PILL BOX KEY CHAIN,THE KING",43.65,235,14,0.18928571428571428
LITTLE GREEN MONSTER SOFT TOY,43.349999999999994,17,9,2.55
BLUE CHENILLE SHAGGY CUSHION COVER ,43.15,43,12,1.0333333333333334
"PEARL & SHELL 42""NECKL. GREEN",43.0,4,2,10.75
PAINTED LIGHTBULB STAR+ MOON,42.54,107,15,0.41333333333333333
"WRAP, CAROUSEL",42.0,100,4,0.42
TRANQUILITY MASALA INCENSE,42.0,200,7,0.21
WRAP  VINTAGE DOILEY ,42.0,100,2,0.42
WRAP SUMMER ROSE DESIGN,42.0,100,4,0.42
CRACKED GLAZE NECKLACE RED,41.7,6,3,6.95
CRACKED GLAZE NECKLACE IVORY,41.7,6,2,6.95
PAPER LANTERN 5 POINT STAR MOON 30,41.5,10,5,4.15
FAN BLACK FRAME ,41.47,143,12,0.29
ANT SILVER FUSCHIA BOUDICCA RING,41.300000000000004,14,7,2.95
CREAM AND PINK FLOWERS PONY ,41.25,11,5,3.75
"STRING OF 8 BUTTERFLIES,PINK",41.25,25,6,1.65
BLACK VINTAGE  CRYSTAL EARRINGS,41.25,11,6,3.75
GREEN VINTAGE EARRINGS ,41.25,11,4,3.75
CREAM BUNNY EASTER EGG BASKET,41.25,25,3,1.6499999999999997
FIRST CLASS HOLIDAY PURSE ,40.97,11,5,4.086
PINK FLY SWAT,40.95,63,25,0.6500000000000001
MINITURE ANTIQUE ROSE HOOK IVORY,40.8,48,4,0.85
LITTLE PINK MONSTER SOFT TOY,40.8,16,7,2.55
BUTTERFLY HAIR BAND,40.8,16,4,2.55
WHITE VINTAGE CRYSTAL BRACELET,40.5,6,3,6.75
DOGGY RUBBER,40.32,192,29,0.21
ROUND BLUE CLOCK WITH SUCKER,40.09,211,10,0.19
ORIGAMI OPIUM INCENSE/CANDLE SET ,40.05,35,3,1.8666666666666665
CANDY SPOT TEA COSY,40.05,27,2,2.3
"LETTER ""C"" BLING KEY RING",40.04,52,9,0.8233333333333334
ROCOCO WALL MIROR,39.9,2,1,19.95
BLUE MURANO TWIST NECKLACE,39.8,4,3,9.95
FREESTYLE CANVAS ART PICTURE,39.65,41,18,1.2444444444444445
CHILDRENS SPACEBOY MUG,39.6,24,2,1.65
PINK CRYSTAL+GLASS BRACELET,39.6,8,3,4.95
LA PALMIERA TILE HOOK,39.39,44,11,0.8563636363636363
PINK DOG CANNISTER,39.3,14,4,3.95
SET/4 BUTTERFLY MIRROR MAGNETS,39.199999999999996,79,13,1.2646153846153847
SET OF 36 VINTAGE CHRISTMAS DOILIES,39.15,27,6,1.45
FAIRY CAKE NOTEBOOK A5 SIZE,39.1,46,5,0.85
MULTICOLOUR EASTER RABBIT ,39.0,20,4,1.95
FUSCHIA TABLE RUN FLOWER ,38.75,27,5,1.75
BLUE POLKADOT PUDDING BOWL,38.67,29,7,1.45875
DROP DIAMANTE EARRINGS CRYSTAL,38.35000000000001,13,3,2.9500000000000006
PINK STRAWBERRY HANDBAG ,38.35000000000001,13,5,2.95
CANDY SPOT BUNNY,38.35,13,5,2.95
PINK YELLOW PATCH CUSHION COVER,38.25,5,3,7.650000000000001
CANDY SPOT HEART DECORATION,38.25,45,8,0.85
NEW BAROQUE BLACK BOXES,38.25,3,3,12.75
WHITE FRANGIPANI NECKLACE,38.25,15,4,2.55
LA PALMIERA WALL THERMOMETER,38.25,15,10,2.55
RED POLKADOT PUDDING BOWL,38.129999999999995,32,6,1.3671428571428572
T-LIGHT HOLDER SILVER SAUCER,38.03,41,6,1.2299999999999998
FLAG OF ST GEORGE ,37.95,23,7,1.65
PINK CHRYSANTHEMUMS ART FLOWER,37.8,18,1,2.1
GREEN CAT FLORAL CUSHION COVER ,37.5,10,4,3.75
RUBY DROP CHANDELIER EARRINGS,37.5,10,3,3.75
PAPER LANTERN 9 POINT HOLLY STAR 40,37.5,6,3,6.25
FLOWER BURST SILVER RING CRYSTAL,37.5,10,6,3.75
IVORY SCULPTED RND CANDLE ,37.39999999999999,44,7,0.85
ASSORTED COLOUR SUCTION CUP HOOK,37.24,196,13,0.19
HOT WATER BOTTLE BABUSHKA LARGE,37.2,8,1,4.65
BLACK MEDIUM GLASS CAKE STAND,37.11,17,8,1.9
SQUARE METAL CANDLEHOLDER BASE,36.519999999999996,52,8,0.8099999999999999
VANILLA INCENSE 40 CONES IN TIN,36.25,29,12,1.25
GREY ACRYLIC FACETED BANGLE,35.9,26,3,1.8166666666666667
ASSORTED CAKES FRIDGE MAGNETS,35.75,55,8,0.65
PINK/FLOWER RABBIT EGG WARMER ,35.7,17,4,2.1
COPPER/OLIVE GREEN FLOWER NECKLACE,35.7,6,4,5.95
PINK FOXGLOVE ARTIIFCIAL FLOWER,35.699999999999996,14,3,2.55
PINK ENAMEL FLOWER HAIR TIE,35.400000000000006,12,2,2.95
BLACK DROP CRYSTAL NECKLACE,35.400000000000006,12,2,2.95
CRYSTAL HOOP EARRING FLORAL LEAF,35.400000000000006,12,6,2.9500000000000006
BLUE POLKADOT PURSE ,35.07,9,5,4.654
PINK CLEAR GLASS CANDLE PLATE,35.0,28,3,1.25
LEAVES MAGNETIC  SHOPPING LIST,34.8,24,2,1.45
IVORY GOLD METAL BAG CHARM,34.77,5,3,8.290000000000001
"LETTER ""K"" BLING KEY RING",34.75,47,12,1.01
"RETRO PILL BOX , REVOLUTIONARY",34.72,188,10,0.189
RIVIERA NECKLACE,34.65,7,2,4.95
CD WALL TIDY BLUE OFFICE,34.56,96,2,0.36
HEN HOUSE W FAMILY IN BARN & NEST,34.510000000000005,49,9,0.8266666666666667
MONEY BOX FIRST AID DESIGN,34.32,43,10,1.199
GOLD APERITIF GLASS,34.32,88,2,0.39
"GREETING CARD, OVERCROWDED POOL.",34.199999999999996,180,15,0.19
PINK BUTTERFLY WASHBAG,34.0,8,5,4.25
FILIGREE DIAMANTE EARRINGS,34.0,8,4,4.25
NEW BAROQUE B'FLY NECKLACE RED,34.0,4,2,8.5
GOLD M.O.P ORBIT DROP EARRINGS,34.0,8,5,4.25
FUNKY FLOWER PICNIC BAG FOR 4,33.9,2,2,16.95
36 PENCILS TUBE POSY,33.75,27,11,1.25
CRYSTAL SEA HORSE PHONE CHARM,33.66,90,8,1.1724999999999999
FLOWER BLUE CLOCK WITH SUCKER,33.64,116,8,0.29
BLACK SIL'T SQU CANDLE PLATE ,33.6,16,2,2.1
DOLLY GIRL MINI RUCKSACK,33.2,8,2,4.15
WHITE WITH BLACK CATS PLATE,33.18,78,3,0.5433333333333333
TURQ ICE CREAM BUM BAG ,33.150000000000006,13,3,2.55
NECKLACE+BRACELET SET FRUIT SALAD ,33.15,13,12,2.55
PINK BUTTERFLY CUSHION COVER,33.15,17,4,1.95
FLOWER FAIRY INCENSE BOUQUET,32.349999999999994,61,5,0.9039999999999999
DANISH ROSE UMBRELLA STAND,31.9,2,2,15.95
"FLOWER GLASS GARLAND NECKL.36""GREEN",31.8,4,2,7.95
"FLOWER GLASS GARLD NECKL36""TURQUOIS",31.8,4,1,7.95
SET 12 COLOUR PENCILS DOILEY,31.200000000000003,48,3,0.65
YELLOW BREAKFAST CUP AND SAUCER,31.130000000000003,47,14,0.9385714285714286
YULETIDE IMAGES S/6 PAPER BOXES,30.6,12,7,2.55
BAKING MOULD CUPCAKE CHOCOLATE,30.6,12,1,2.55
BAKING MOULD CHOCOLATE CUP CAKES,30.6,12,2,2.55
CANNABIS LEAF BEAD CURTAIN,30.599999999999998,36,2,0.85
PINK BREAKFAST CUP AND SAUCER ,30.45,19,7,1.487142857142857
PINK HEART DOTS HOT WATER BOTTLE,30.0,8,4,3.75
ENAMEL JUG PANTRY,30.0,8,2,3.75
GIFT BAG LARGE 50'S CHRISTMAS,30.0,24,2,1.25
ENAMEL BOWL PANTRY,30.0,24,2,1.25
EDWARDIAN DROP EARRINGS JET BLACK,30.0,8,4,3.75
WHITE CHRISTMAS FLOCK DROPLET ,30.0,24,1,1.25
BLACK CHRISTMAS FLOCK DROPLET ,30.0,24,1,1.25
BUTTERFLY CUSHION COVER,30.0,8,2,3.75
SET/9 CHRISTMAS T-LIGHTS SCENTED ,30.0,24,7,1.25
BIRTHDAY BANNER TAPE,30.0,24,1,1.25
PINK ROSEBUD & PEARL NECKLACE,30.0,4,2,7.5
GREEN PAIR HEART HAIR SLIDES,30.0,8,2,3.75
CAPIZ CHANDELIER,29.95,1,1,29.95
GLASS CAKE COVER AND PLATE,29.9,2,1,14.95
PURPLE AMETHYST NECKLACE W TASSEL,29.849999999999998,3,3,9.95
PALE PINK/AMETHYST STONE NECKLACE,29.849999999999998,3,2,9.95
SILVER/BLACK ORBIT NECKLACE,29.849999999999998,3,2,9.95
"GREETING CARD, STICKY GORDON",29.83,157,14,0.19
CHRISTMAS MUSICAL ZINC HEART ,29.75,35,5,0.85
DIAMOND LAS VEGAS NECKLACE 45CM,29.75,5,3,5.95
LIGHTHOUSE PRINTED METAL SIGN,29.700000000000003,6,3,4.95
ORANGE/WHT/FUSCHIA STONES NECKLACE,29.700000000000003,6,1,4.95
"WALL ART,ONLY ONE PERSON ",29.700000000000003,6,1,4.95
IVORY PENDANT TRIPLE SHELL NECKLACE,29.7,6,2,4.95
MODERN VINTAGE COTTON SHOPPING BAG,29.7,22,8,1.67
GOLD DIAMANTE STAR BROOCH,29.7,6,3,4.95
PINK FLOCK GLASS CANDLEHOLDER,29.68,38,5,0.8879999999999999
"ACRYLIC JEWEL ANGEL,PINK",29.64,78,2,0.38
BLUE STONES ON WIRE FOR CANDLE,29.59,352,17,0.10294117647058823
PINK VINTAGE VICTORIAN EARRINGS,29.500000000000004,10,3,2.9500000000000006
ANT SILVER PURPLE BOUDICCA RING,29.500000000000004,10,5,2.95
15 PINK FLUFFY CHICKS IN BOX,29.5,10,7,2.95
OLD DOC RUSSEL METAL SIGN,29.4,14,3,2.1
VIP HOLIDAY PURSE,29.28,8,6,3.896666666666667
FRENCH CHATEAU OVAL PLATTER,29.25,15,6,1.95
"LETTER ""L"" BLING KEY RING",29.189999999999998,51,5,0.866
WHITE/PINK CHICK EASTER DECORATION,28.9,34,9,0.85
ASS COL LARGE SAND FROG P'WEIGHT,28.35,27,7,1.05
PACK OF 12 DOILEY TISSUES,28.08,72,2,0.39
TRANSPARENT ACRYLIC TAPE DISPENSER,27.91,31,9,1.0233333333333332
PINK NEW BAROQUE FLOCK CANDLESTICK,27.9,6,3,4.65
PINK/AMETHYST/GOLD NECKLACE,27.8,4,1,6.95
"LETTER ""E"" BLING KEY RING",27.25,41,8,0.89
FRUIT SALAD BAG CHARM,27.04,16,3,1.6900000000000002
PINK CHERRY LIGHTS,27.0,4,1,6.75
High Resolution Image,27.0,4,3,8.5
ASSORTED COLOURED CIRCLE MOBILE ,26.88,64,7,0.42
GLOW IN DARK DOLPHINS,26.88,128,28,0.21
TIGRIS EYE CHUNKY CHARM BRACELET,26.849999999999998,3,2,8.95
DUSTY PINK CHRISTMAS TREE 60CM,26.550000000000004,9,2,2.95
TURQ STONE/CRYSTAL EARRINGS,26.55,9,3,2.9500000000000006
FROG KING WATERING CAN,26.55,9,2,2.95
KNITTED RABBIT DOLL ,26.4,16,1,1.65
LARGE MINT DIAMANTE HAIRSLIDE,26.4,16,6,1.6499999999999997
BEST DAD CANDLE LETTERS,26.349999999999998,31,8,0.85
SILVER DROP EARRINGS WITH FLOWER,26.25,7,3,3.75
WHITE VINTAGE CRYSTAL EARRINGS,26.25,7,3,3.75
ENVELOPE 50 CURIOUS IMAGES,26.17,49,10,0.6154545454545454
GLITTER SNOW PEAR TREE DECORATION,26.099999999999998,18,2,1.45
SET OF 4 GREEN CAROUSEL COASTERS,26.05,25,9,1.018888888888889
"LETTER ""S"" BLING KEY RING",26.0,40,6,0.77
"LETTER ""D"" BLING KEY RING",25.71,39,7,0.9757142857142858
CHERRY BLOSSOM TABLE CLOCK ,25.7,6,3,4.283333333333333
SET OF 16 VINTAGE IVORY CUTLERY,25.5,2,2,12.75
NEW BAROQUE SMALL NECKLACE BLACK,25.5,3,2,8.5
SWEETHEART CARRY-ALL BASKET,25.5,3,3,8.5
GLASS BEAD HOOP NECKLACE GREEN,25.5,3,2,8.5
SILVER BLACK ORBIT DROP EARRINGS,25.5,6,3,4.25
PAIR OF PINK FLOWER CLUSTER SLIDE,25.5,10,4,2.55
GLASS BEAD HOOP NECKLACE AMETHYST,25.5,3,3,8.5
WHITE ALLIUM  ARTIFICIAL FLOWER,25.35,15,3,1.6900000000000002
IVORY PANTRY HANGING LAMP ,25.0,2,1,12.5
BELL HEART ANTIQUE GOLD,24.96,12,1,2.08
SET OF 4 KNICK KNACK TINS  DOILEY ,24.9,6,1,4.15
AQUA BERTIE GLASS BEAD BAG CHARM,24.9,19,3,1.6833333333333336
COPPER AND BRASS BAG CHARM,24.810000000000002,4,2,7.455
SILVER LOOKING MIRROR,24.75,5,2,4.95
CROCHET BEAR RED/BLUE  KEYRING,24.75,15,3,1.65
GIRLY PINK TOOL SET,24.75,5,1,4.95
VINTAGE ENAMEL & CRYSTAL NECKLACE,24.75,5,2,4.95
GARDEN PATH NOTEBOOK ,24.75,15,8,1.65
HARDMAN MUG 3 ASSORTED,24.57,63,12,0.38999999999999996
MURANO STYLE GLASS BRACELET GOLD,24.5,7,3,3.5
PAINTED LIGHTBULB RAINBOW DESIGN,24.06,63,6,0.4033333333333333
75 BLACK PETIT FOUR CASES,23.94,57,17,0.42
JET BLACK LAS VEGAS NECKLACE 45CM,23.8,4,2,5.95
UNION JACK HOT WATER BOTTLE ,23.8,4,1,5.95
TOAST ITS - DINOSAUR,23.75,19,10,1.25
PINK GREEN EMBROIDERY COSMETIC BAG,23.6,8,6,2.9500000000000006
MIDNIGHT BLUE DROP CRYSTAL NECKLACE,23.6,8,2,2.95
RABBIT EASTER DECORATION,23.6,8,3,2.9500000000000006
AMBER GLASS TASSLE BAG CHARM,23.6,8,2,2.95
GOLD WASHBAG,23.6,8,3,2.9500000000000006
SILVER M.O.P. ORBIT NECKLACE,23.6,8,3,2.9500000000000006
CANNISTER VINTAGE LEAF DESIGN,23.4,12,2,1.95
"GARLAND, MAGIC GARDEN 1.8M",23.4,12,1,1.95
PINK PARTY SUNGLASSES,23.4,12,6,1.95
ZINC PLANT POT HOLDER,23.12,8,1,2.89
HANGING HEART BASKET,23.1,11,3,2.1
PINK FELT EASTER EGG BASKET,23.099999999999998,14,4,1.65
ZINC T-LIGHT HOLDER STARS LARGE,22.8,24,2,0.95
PURPLE LAS VEGAS BRACELET ROUND,22.5,6,2,3.75
ROSE COLOUR PAIR HEART HAIR SLIDES,22.5,6,3,3.75
PINK CAT FLORAL CUSHION COVER ,22.5,6,3,3.75
FIRE POLISHED GLASS BRACELET RED,22.5,6,1,3.75
GLASS AND PAINTED BEADS BRACELET OL,22.5,6,1,3.75
GLASS AND PAINTED BEADS BRACELET TO,22.5,6,1,3.75
FIRE POLISHED GLASS BRACELET MONTAN,22.5,6,1,3.75
DIAMANTE NECKLACE GREEN,22.5,3,2,7.5
GLASS AND BEADS BRACELET IVORY,22.5,6,1,3.75
"LETTER ""M"" BLING KEY RING",22.23,27,5,1.058
S/3 PINK SQUARE PLANTERS ROSES,21.9,2,2,10.95
"PEARL & SHELL 42""NECKL. IVORY",21.5,2,1,10.75
BIRD ON BRANCH CANVAS SCREEN,21.45,11,1,1.95
ANTIQUE OLIVE GREEN FLOWER EARRINGS,21.25,5,3,4.25
FLORAL BLUE MONSTER,21.25,5,4,4.25
WRAP GREEN RUSSIAN FOLKART ,21.0,50,2,0.42
KEEP CALM BIRTHDAY WRAP,21.0,50,2,0.42
WRAP A PRETTY THANK YOU,21.0,50,2,0.42
MURANO STYLE GLASS BRACELET RED,21.0,6,2,3.5
HEAVENS SCENT FRAGRANCE OILS ASSTD,20.88,72,1,0.29
BLACK GEMSTONE BRACELET,20.849999999999998,3,3,6.949999999999999
WOODLAND MINI RUCKSACK ,20.75,5,2,4.15
WHITE ENAMEL FLOWER HAIR TIE,20.650000000000002,7,2,2.95
BLACK CRYSTAL DROP EARRINGS,20.650000000000002,7,2,2.95
DROP DIAMANTE EARRINGS BLACK DIAMON,20.650000000000002,7,2,2.95
PINK GLASS TASSLE BAG CHARM ,20.650000000000002,7,3,2.9500000000000006
GREEN ENAMEL FLOWER HAIR TIE,20.650000000000002,7,2,2.95
CRYSTAL STILETTO PHONE CHARM,20.4,24,2,0.85
NECKLACE+BRACELET SET BLUE BLOSSOM,20.4,8,3,2.55
PURPLE FRANGIPANI NECKLACE,20.4,8,2,2.55
CLEAR CRYSTAL STAR PHONE CHARM,20.39,47,6,0.89
GOLD TEDDY BEAR,20.0,12,2,2.5
"CAKESTAND, 3 TIER, LOVEHEART",19.9,2,1,9.95
GIANT MEDINA STAMPED METAL BOWL ,19.9,2,2,9.95
DOORKNOB CRACKED GLAZE GREEN,19.8,12,2,1.65
DOORKNOB CRACKED GLAZE PINK,19.8,12,2,1.65
DOTCOMGIFTSHOP TEA TOWEL,19.8,12,1,1.65
ENAMEL DINNER PLATE PANTRY,19.8,12,1,1.65
WHITE/PINK MINI CRYSTALS NECKLACE,19.8,4,1,4.95
TURQ PENDANT TRIPLE SHELL NECKLACE,19.8,4,2,4.95
SILVER BLACK ORBIT BRACELET,19.8,4,3,4.95
GREEN PENDANT TRIPLE SHELL NECKLACE,19.8,4,2,4.95
PINK SMALL JEWELLED PHOTOFRAME,19.799999999999997,12,9,1.65
YELLOW/ORANGE FLOWER DESIGN PLATE,19.72,68,2,0.29
FRENCH CHATEAU LARGE FRUIT BOWL ,19.5,10,4,1.95
"RETRO TIN ASHTRAY,REVOLUTIONARY",19.4,52,4,0.38
WHITE BEADED GARLAND STRING 20LIGHT,19.049999999999997,3,2,6.35
VINTAGE KEEPSAKE BOX PINK FLOWER,19.049999999999997,3,2,6.35
BAG OF SILVER STONES,18.9,45,5,0.42000000000000004
"LETTER ""I"" BLING KEY RING",18.77,25,3,0.61
CRYSTAL CHANDELIER T-LIGHT HOLDER,18.75,3,1,6.25
CLAM SHELL LARGE,18.75,5,4,3.75
DAIRY MAID  PUDDING BOWL,18.75,5,2,3.75
BIRD BOX CHRISTMAS TREE DECORATION,18.7,22,4,0.85
"LETTER ""Y"" BLING KEY RING",18.65,61,3,0.61
"LETTER ""G"" BLING KEY RING",18.5,34,7,0.8385714285714286
BLACK FEATHER CHRISTMAS DECORATION,18.240000000000002,96,7,0.19
CUPID SCENTED CANDLE IN GLASS,18.15,11,4,1.65
BLACK DIAMOND CLUSTER NECKLACE,17.9,2,1,8.95
 TOADSTOOL BEDSIDE LIGHT ,17.9,2,1,8.95
MIDNIGHT BLUE COPPER FLOWER NECKLAC,17.85,3,2,5.95
PURPLE FOXGLOVE ARTIIFCIAL FLOWER,17.85,7,2,2.55
VINTAGE GLASS TEA CADDY,17.85,3,3,5.95
SILVER/NAT SHELL NECKLACE W PENDANT,17.85,3,3,5.95
WHITE HEART OF GLASS BRACELET,17.85,3,2,5.95
AMBER FINE BEAD NECKLACE W TASSEL,17.85,3,2,5.95
FIRE POLISHED GLASS NECKL BRONZE,17.85,3,3,5.95
SILVER/CRYSTAL DROP EARRINGS W LEAF,17.700000000000003,6,1,2.95
BLACK 3 BEAD DROP EARRINGS,17.700000000000003,6,1,2.95
PURPLE ENAMEL FLOWER HAIR TIE,17.700000000000003,6,1,2.95
GOLD/AMBER DROP EARRINGS W LEAF,17.700000000000003,6,1,2.95
TROPICAL HOLIDAY PURSE ,17.700000000000003,6,3,2.9500000000000006
PURPLE GLASS TASSLE BAG CHARM,17.700000000000003,6,1,2.95
2 DAISIES HAIR COMB,17.700000000000003,6,1,2.95
ROUND CACTUS CANDLE,17.700000000000003,6,4,2.95
CLASSIC DIAMANTE EARRINGS JET,17.700000000000003,6,1,2.95
ANT SILVER TURQUOISE BOUDICCA RING,17.700000000000003,6,1,2.95
DROP DIAMANTE EARRINGS GREEN,17.700000000000003,6,1,2.95
PINK/WHITE CHRISTMAS TREE 30CM,17.479999999999997,46,2,0.38
STORAGE TIN VINTAGE DOILEY ,17.34,6,1,2.89
JAM JAR WITH BLUE LID,17.28,24,1,0.72
"LETTER ""J"" BLING KEY RING",17.23,23,5,1.058
PINK/GREEN FLOWER DESIGN BIG MUG,17.16,40,16,0.48176470588235293
GLASS BELL JAR LARGE,17.0,2,1,8.5
NEW BAROQUE B'FLY NECKLACE GREEN,17.0,2,1,8.5
NEW BAROQUE B'FLY NECKLACE CRYSTAL,17.0,2,1,8.5
ANTIQUE MID BLUE FLOWER EARRINGS,17.0,4,2,4.25
NEW BAROQUE LARGE NECKLACE BLK/WHIT,17.0,2,1,8.5
ENGLISH ROSE SCENTED HANGING HEART,17.0,4,2,4.25
YELLOW FELT HANGING HEART W FLOWER,17.0,20,3,0.85
VINTAGE BEAD PINK JEWEL BOX,17.0,4,3,4.25
MINT DINER CLOCK,17.0,2,1,8.5
GLASS BEAD HOOP NECKLACE BLACK,17.0,2,1,8.5
GLASS BEAD HOOP NECKLACE MONTANA,17.0,2,2,8.5
BLUE/YELLOW FLOWER DESIGN BIG MUG,16.77,31,12,0.65
DIAMANTE HAIR GRIP PACK/2 RUBY,16.5,10,3,1.6499999999999997
VINTAGE BEAD PINK SHADE ,16.25,13,2,1.25
PLAYING CARDS VINTAGE DOILEY ,16.25,13,2,1.25
BLUE HOLE PUNCH,16.25,13,7,1.25
OCEAN STRIPE HAMMOCK ,15.9,2,1,7.95
PINK/WHITE RIBBED MELAMINE JUG,15.9,2,2,7.95
BLUE SHARK HELICOPTER,15.9,2,2,7.95
GLASS BELL JAR SMALL,15.8,4,1,3.95
BLUE EASTER EGG HUNT START POST,15.6,8,4,1.95
BLUE NETTING STORAGE HANGER,15.6,8,6,1.95
GOLD FLOWER CUSHION COVER ,15.6,8,2,1.95
"ACRYLIC JEWEL SNOWFLAKE,PINK",15.3,6,1,2.55
PINK DAISY BAG CHARM,15.3,6,1,2.55
DAISY HAIR COMB,15.3,6,1,2.55
TINY CRYSTAL BRACELET GREEN,15.3,6,1,2.55
BAKING MOULD TOFFEE CUP  CHOCOLATE,15.3,6,1,2.55
FLOWER FAIRY 5 SUMMER DRAW LINERS,15.3,6,1,2.55
MONTANA DIAMOND CLUSTER EARRINGS,15.3,6,1,2.55
PURPLE/COPPER HANGING LAMPSHADE,15.299999999999999,18,6,0.85
LILAC VOTIVE CANDLE,15.120000000000001,72,3,0.21
"LETTER ""H"" BLING KEY RING",15.02,22,6,0.93
SILVER 2 STRAND NECKLACE-LEAF CHARM,15.0,2,2,7.5
WHITE ROSEBUD & PEARL NECKLACE,15.0,2,1,7.5
PINK FLOCK PHOTO FRAME ,15.0,12,1,1.25
ROSE FLOWER CANDLE+INCENSE 16X16CM,15.0,4,2,3.75
DIAMANTE NECKLACE,15.0,2,1,7.5
PINK ROUND COMPACT MIRROR,15.0,12,1,1.25
PINK/WHITE GLASS DEMI CHOKER,15.0,2,1,7.5
DIAMANTE NECKLACE BLACK ,15.0,2,1,7.5
ENAMEL MUG PANTRY,15.0,12,1,1.25
CLASSIC DIAMANTE NECKLACE JET,15.0,2,1,7.5
PAINTED HEART WREATH WITH BELL,15.0,12,1,1.25
PINK FLOCK SUEDE CUSHION COVER ,15.0,12,2,1.25
3 PINK HEN+CHICKS IN BASKET,15.0,12,6,1.25
RUBY GLASS CLUSTER NECKLACE,15.0,2,1,7.5
SET OF 6 EASTER RAINBOW CHICKS,15.0,12,1,1.25
FOLDING MIRROR IVORY ,14.940000000000001,18,2,0.83
FOLDING MIRROR RED  ,14.940000000000001,18,2,0.83
COTE D'AZURE NECKLACE,14.850000000000001,3,2,4.95
DIAMANTE HAIR GRIP PACK/2 LT ROSE,14.850000000000001,9,3,1.6499999999999997
DIAMANTE HAIR GRIP PACK/2 BLACK DIA,14.850000000000001,9,3,1.6499999999999997
RESIN BRACELET W PASTEL BEADS,14.850000000000001,3,2,4.95
BLACK GLASS BRACELET W HEART CHARMS,14.85,3,1,4.95
75 GREEN FAIRY CAKE CASES,14.85,27,17,0.55
ORANGE PENDANT TRIPLE SHELL NECKLAC,14.85,3,1,4.95
WHITE WITH METAL BAG CHARM,14.85,3,1,4.95
GREEN WITH METAL BAG CHARM,14.85,3,1,4.95
ROSE PENDANT TRIPLE SHELL NECKLACE,14.85,3,1,4.95
CURIOUS IMAGES SCRAP BOOK SET,14.85,3,1,4.95
CROCHET ROSE DES CLOTHES HANGER,14.750000000000002,5,1,2.95
SILVER/AMETHYST DROP EARRINGS LEAF,14.75,5,4,2.95
PASTEL BLUE PHOTO ALBUM ,14.5,29,2,0.5
HOLLY TOP CHRISTMAS STOCKING,14.45,17,6,0.85
YELLOW/PINK FLOWER DESIGN BIG MUG,14.43,33,14,0.494
CAROUSEL PONIES BABY BIB,14.37,33,12,0.5853846153846154
BLUE CHECK BAG W HANDLE 34X20CM,14.110000000000001,17,5,0.8299999999999998
MURANO STYLE GLASS BRACELET BLACK,14.0,4,2,3.5
"WALL ART , THE MAGIC FOREST ",13.9,2,1,6.95
CRYSTAL CZECH CROSS PHONE CHARM,13.69,19,4,1.27
LIGHT PINK FLOCK GLASS CANDLEHOLDER,13.679999999999998,36,3,0.38000000000000006
GREEN/BLUE FLOWER DESIGN BIG MUG,13.65,23,8,0.78
BLUE HANGING GINGHAM EASTER HEN,13.44,32,5,0.42000000000000004
PINK HANGING GINGHAM EASTER HEN,13.44,32,5,0.42000000000000004
GREEN DROP EARRINGS W BEAD CLUSTER,13.4,4,1,3.35
CHRISTMAS TABLE CANDLE SILVER SPIKE,13.28,16,1,0.83
DIAMANTE HAIR GRIP PACK/2 MONTANA,13.200000000000001,8,3,1.6499999999999997
72 CAKE CASES VINTAGE CHRISTMAS,13.2,24,1,0.55
GREEN/BLUE CERAMIC CANDLE HOLDER,13.2,8,1,1.65
WISE MAN STAR SHAPE EGG PAN,13.139999999999999,24,6,1.02
SET/3 TALL GLASS CANDLE HOLDER PINK,12.75,1,1,12.75
PINK TALL PORCELAIN T-LIGHT HOLDER ,12.75,5,4,2.55
5 STRAND GLASS NECKLACE AMETHYST,12.7,2,1,6.35
5 STRAND GLASS NECKLACE AMBER,12.7,2,2,6.35
MARIE ANTOIENETT TRINKET BOX GOLD,12.5,1,1,12.5
BLUE FLOCK CUSHION COVER ,12.5,6,2,2.5
BLUE TEATIME PRINT BOWL ,12.5,10,2,1.25
PURPLE CHUNKY GLASS+BEAD NECKLACE,11.95,1,1,11.95
LASER CUT MULTI STRAND NECKLACE,11.95,1,1,11.95
PINK BAROQUE FLOCK CANDLE HOLDER,11.9,2,1,5.95
BLUE GINGHAM ROSE CUSHION COVER,11.9,2,1,5.95
BLUE WHITE PLASTIC RINGS LAMPSHADE,11.899999999999999,14,5,0.85
RED WHITE SCARF  HOT WATER BOTTLE,11.850000000000001,3,2,3.95
GLASS BEAD HOOP EARRINGS BLACK,11.8,4,1,2.95
GLASS BEAD HOOP EARRINGS AMETHYST,11.8,4,1,2.95
BLUE BREAKFAST CUP AND SAUCER ,11.8,4,3,2.9500000000000006
ECONOMY HOLIDAY PURSE,11.8,4,4,2.95
AMETHYST HOOP EARRING FLORAL LEAF,11.8,4,3,2.9500000000000006
"ACRYLIC JEWEL ICICLE, BLUE",11.78,31,3,0.38000000000000006
POP ART PUSH DOWN RUBBER ,11.759999999999998,98,2,0.12
QUEEN OF THE SKIES HOLIDAY PURSE ,11.690000000000001,3,3,3.896666666666667
BLUE GREEN EMBROIDERY COSMETIC BAG,11.690000000000001,3,3,3.896666666666667
SMALL SINGLE FLAME CANDLE HOLDER,11.55,33,6,0.3499999999999999
SET/4 GARDEN ROSE DINNER CANDLE,11.549999999999999,7,3,1.6499999999999997
ASS COL SMALL SAND GECKO P'WEIGHT,11.34,27,9,0.42
PINK HEART RED HANDBAG,11.31,4,3,2.7866666666666666
PINK EASTER HENS+FLOWER,11.25,3,1,3.75
"FOOD COVER WITH BEADS , SET 2 SIZES",11.25,3,1,3.75
GINGHAM OVEN GLOVE RED HEART ,11.25,3,2,3.75
JET BLACK LAS VEGAS BRACELET ROUND,11.25,3,1,3.75
THE KING GIFT BAG,11.05,17,6,0.65
"LETTER ""P"" BLING KEY RING",10.999999999999998,28,6,0.77
THE KING GIFT BAG 25x24x12cm,10.92,26,7,0.42
YELLOW PINK FLOWER DESIGN BIG BOWL,10.92,28,3,0.38999999999999996
"S/4 ICON COASTER,ELVIS LIVES",10.61,25,9,0.4855555555555556
WRAP  PINK FLOCK,10.5,25,1,0.42
FLAG OF ST GEORGE CAR FLAG,10.5,25,1,0.42
WRAP BLUE RUSSIAN FOLKART,10.5,25,1,0.42
FOLKART CHRISTMAS TREE T-LIGHT HOLD,10.260000000000002,27,2,0.38
BLUE ORGANDY ROUND LAMPSHADE W BEA,10.2,12,4,0.85
PINK BOUDOIR T-LIGHT HOLDER,10.2,12,1,0.85
FOLKART ZINC STAR CHRISTMAS DEC,10.2,12,3,0.85
MULTICOLOUR POLKADOT PLATE,10.2,12,1,0.85
LILAC GAUZE BUTTERFLY LAMPSHADE,10.08,24,6,0.42
"LETTER ""N"" BLING KEY RING",10.02,18,5,0.866
PINK CHRISTMAS FLOCK DROPLET ,10.0,8,1,1.25
POCKET MIRROR WOODLAND,10.0,8,4,1.25
ZINC STAR T-LIGHT HOLDER ,10.0,8,1,1.25
S/2 BEACH HUT TREASURE CHESTS,9.95,3,2,3.975
DIAMANTE HAIR GRIP PACK/2 PERIDOT,9.9,6,1,1.65
GOLD M.O.P ORBIT BRACELET,9.9,2,2,4.95
DIAMANTE HAIR GRIP PACK/2 CRYSTAL,9.9,6,1,1.65
LARGE CRYSTAL DIAMANTE HAIRSLIDE,9.899999999999999,6,3,1.6499999999999997
LILAC FEATHERS CURTAIN,9.48,12,1,0.79
HAND PAINTED HANGING EASTER EGG,9.24,22,3,0.42
ENAMEL BLUE RIM TEA CONTAINER,9.18,8,3,1.6766666666666667
AMBER GLASS/SHELL/PEARL NECKLACE,8.95,1,1,8.95
VINTAGE NOTEBOOK BEAUTY GIRL,8.850000000000001,3,2,2.95
RED ROSE AND LACE C/COVER,8.850000000000001,3,1,2.95
FOLDING SHOE TIDY,8.850000000000001,3,2,2.95
RED PURSE WITH PINK HEART,8.75,7,2,1.25
CUTE BIRD CEATURE SCREEN,8.58,22,2,0.39
WHITE MURANO TWIST BRACELET,8.5,2,2,4.25
NEW BAROQUE B'FLY NECKLACE PINK,8.5,1,1,8.5
WHITE FRANGIPANI HAIR CLIP,8.5,10,1,0.85
M/COLOUR POM-POM CURTAIN,8.5,2,1,4.25
ANTIQUE OPAL WHITE FLOWER EARRINGS,8.5,2,2,4.25
ANTIQUE RASPBERRY FLOWER EARRINGS,8.5,2,1,4.25
SILVER BOOK MARK WITH BEADS,8.5,10,1,0.85
BEADED LOVE HEART JEWELLERY SET,8.5,10,1,0.85
HEART SHAPED MIRROR,8.45,5,2,1.69
LADLE LOVE HEART PINK,7.98,19,3,0.42
SET/3 FLORAL GARDEN TOOLS IN BAG,7.95,1,1,7.95
PSYCHEDELIC METAL SIGN CALENDAR,7.9,10,3,0.79
MAXWELL 2 TONE BLUE 60 PAGE PHOTO A,7.85,7,2,1.225
FRESHWATER PEARL BRACELET GOLD,7.6499999999999995,3,2,2.55
HANGING BUTTERFLY  EGG,7.6499999999999995,9,3,0.85
SILICON STAR BULB  BLUE,7.56,18,8,0.42
PINK CHERRY BLOSSOM CUP & SAUCER,7.5,6,1,1.25
3 WICK CHRISTMAS BRIAR CANDLE ,7.5,2,1,3.75
BAROQUE BUTTERFLY EARRINGS BLACK,7.5,2,2,3.75
BLACK PHOTO ALBUM ,7.5,15,3,0.5
EIGHT PIECE CREEPY CRAWLIE SET,7.5,6,3,1.25
BLUE STRIPES SHOULDER BAG,7.470000000000001,9,3,0.83
A4 WALL TIDY RED FLOWERS,7.37,13,4,0.56
JARDIN ETCHED GLASS BUTTER DISH,7.25,1,1,7.25
ARMY CAMO BOOKCOVER TAPE,7.14,17,4,0.42
PEARL AND CHERRY QUARTZ BRACLET,7.0,2,1,3.5
PURPLE ANEMONE ARTIFICIAL FLOWER,6.76,4,1,1.69
BLACK VINT ART DEC CRYSTAL BRACELET,6.75,1,1,6.75
ELEPHANT CLIP W SUCTION CUP,6.72,16,4,0.42
SPOTS ON RED BOOKCOVER TAPE,6.72,16,5,0.42000000000000004
LARGE BLACK DIAMANTE HAIRSLIDE,6.6,4,1,1.65
BLUE/YELLOW CERAMIC CANDLE HOLDER,6.6,4,1,1.65
ASSORTED COLOUR SILK GLASSES CASE,6.300000000000001,3,1,2.1
PINK GAUZE BUTTERFLY LAMPSHADE,6.3,15,4,0.42
"LETTER ""R"" BLING KEY RING",6.27,15,4,0.77
TURQUOISE CHRISTMAS TREE ,6.25,5,4,1.25
"POCKET MIRROR ""GLAMOROUS""",6.25,5,2,1.25
BLING KEY RING STAND,6.25,6,3,1.0833333333333333
"LETTER ""V"" BLING KEY RING",5.9799999999999995,14,3,0.93
BLUE/NAT SHELL NECKLACE W PENDANT,5.95,1,1,5.95
BLUE/GREEN SHELL NECKLACE W PENDANT,5.95,1,1,5.95
FIRE POLISHED GLASS NECKL GOLD,5.95,1,1,5.95
BLACK FINE BEAD NECKLACE W TASSEL,5.95,1,1,5.95
BLACK FLOWER CANDLE PLATE,5.949999999999999,7,2,0.85
RASTA IN BATH W SPLIFF ASHTRAY,5.949999999999999,7,5,0.85
GOLD M.O.P. ORBIT NECKLACE,5.9,2,2,2.95
WHITE CHRISTMAS TREE 60CM,5.9,2,2,2.95
ST GEORGE SET OF 10 PARTY LIGHTS,5.9,2,2,2.95
HEN HOUSE WITH CHICK STANDING,5.88,14,3,0.42
"PET MUG, GOLDFISH",5.59,27,4,0.2475
WINE BOTTLE DRESSING DARK BLUE,5.5,43,7,0.1442857142857143
MUMMY MOUSE RED GINGHAM RIBBON,5.45,1,1,5.45
SET OF 3 PINK FLYING DUCKS,5.45,1,1,5.45
ROUND ARTICULATED PINK CLOCK W/SUCK,5.32,28,3,0.19000000000000003
IVORY SHELL HEART EARRINGS,5.1,2,1,2.55
CLEAR STATIONERY BOX SET ,5.1,6,2,0.85
BLUE FELT HANGING HEART WITH FLOWER,5.1,6,1,0.85
POLYESTER FILLER PAD 60x40cm,5.1,2,1,2.55
DROP EARRINGS W FLOWER & LEAF,5.1,2,2,2.55
ENVELOPE 50 ROMANTIC IMAGES,5.1,6,2,0.85
NEW ENGLAND MUG W GIFT BOX,5.1,2,2,2.55
VINTAGE BEAD PINK JEWEL STAND,4.95,1,1,4.95
JADE CRYSTAL+GLASS BRACELET,4.95,1,1,4.95
BLOSSOM IMAGES SCRAP BOOK SET,4.95,1,1,4.95
"LETTER ""B"" BLING KEY RING",4.7299999999999995,13,2,0.77
BLUE NEW BAROQUE FLOCK CANDLESTICK,4.65,1,1,4.65
"SILICON CUBE 25W, BLUE",4.62,11,2,0.42
METAL BASE FOR CANDLES,4.62,11,2,0.42
PINK FLUFFY CHRISTMAS DECORATION,4.5600000000000005,24,1,0.19
PINK ACRYLIC JEWEL SNOWFLAKE,4.5600000000000005,12,1,0.38
"GREETING CARD, TWO SISTERS.",4.56,24,2,0.19
3 BLACK CATS W HEARTS BLANK CARD,4.56,24,3,0.19000000000000003
FLOWER PURPLE CLOCK WITH SUCKER,4.35,15,3,0.29
CUTE RABBIT CEATURE SCREEN ,4.29,11,2,0.39
UBO-LIGHT TRIOBASE PURPLE,4.25,5,3,0.85
FLOWER PURPLE CLOCK W/SUCKER,4.25,5,3,0.85
BLUE PADDED SOFT MOBILE,4.25,1,1,4.25
FRYING PAN RED POLKADOT ,4.25,1,1,4.25
CAKE STAND LACE WHITE,4.25,1,1,4.25
POTTING SHED SOW 'N' GROW SET,4.25,1,1,4.25
LIGHT DECORATION BATTERY OPERATED,4.2,2,1,2.1
GOLD COSMETIC BAG PINK STAR,4.2,2,2,2.1
 I LOVE LONDON MINI RUCKSACK,4.15,1,1,4.15
ASSTD RASTA KEY-CHAINS,3.7800000000000002,9,3,0.42
BLUE CRUSOE CHECK LAMPSHADE,3.78,9,3,0.42
"LETTER ""F"" BLING KEY RING",3.7699999999999996,13,2,0.29
FIRE POLISHED GLASS BRACELET BLACK,3.75,1,1,3.75
BAROQUE BUTTERFLY EARRINGS CRYSTAL,3.75,1,1,3.75
ROBOT MUG IN DISPLAY BOX,3.75,3,2,1.25
GOLD PRINT PAPER BAG,3.6100000000000003,19,2,0.19
FOLDING CAMPING SCISSOR W/KNIF & S,3.5999999999999996,30,3,0.12
PASTEL PINK PHOTO ALBUM ,3.5,7,2,0.5
"LETTER ""W"" BLING KEY RING",3.4799999999999995,12,1,0.29
"LETTER ""U"" BLING KEY RING",3.4799999999999995,12,1,0.29
"LETTER ""Z"" BLING KEY RING",3.4799999999999995,12,1,0.29
"LETTER ""T"" BLING KEY RING",3.4799999999999995,12,1,0.29
"LETTER ""O"" BLING KEY RING",3.4799999999999995,12,1,0.29
UBO-LIGHT TRIOBASE BLUE,3.4,4,2,0.85
WHITE ANEMONE ARTIFICIAL FLOWER,3.38,2,1,1.69
PURPLE/BLUE CERAMIC CANDLE HOLDER,3.3,2,1,1.65
HEARTS WRAPPING TAPE ,3.25,5,3,0.65
WINE BOTTLE DRESSING LT.BLUE,3.0399999999999996,14,4,0.205
SET 10 CARDS HANGING BAUBLES 17080,2.99,1,1,2.99
MIDNIGHT BLUE CRYSTAL DROP EARRINGS,2.95,1,1,2.95
WHITE STONE/CRYSTAL EARRINGS,2.95,1,1,2.95
BLACK DROP EARRINGS W LONG BEADS,2.95,1,1,2.95
CHERRY BLOSSOM PURSE,2.95,1,1,2.95
SILVER AND BLACK ORBIT NECKLACE,2.95,1,1,2.95
NECKLACE+BRACELET SET PINK DAISY,2.55,1,1,2.55
WHITE ROSEBUD  PEARL EARRINGS,2.55,1,1,2.55
CRACKED GLAZE EARRINGS RED,2.55,1,1,2.55
CRACKED GLAZE EARRINGS BROWN,2.55,1,1,2.55
INCENSE BAZAAR PEACH,2.52,6,1,0.42
LADLE LOVE HEART RED ,2.52,6,1,0.42
PURPLE/TURQ FLOWERS HANDBAG,2.5,2,1,1.25
PINK CRYSTAL SKULL PHONE CHARM,2.4699999999999998,13,2,0.19
HAPPY BIRTHDAY CARD STRIPEY TEDDY,2.4699999999999998,13,2,0.19
BIG POLKADOT MUG,2.34,6,1,0.39
GREEN POP ART MAO CUSHION COVER ,2.28,12,2,0.19
DOLPHIN WINDMILL,2.12,1,1,2.12
SCALLOP SHELL SOAP DISH,2.1,1,1,2.1
TEA TIME BREAKFAST BASKET,2.1,1,1,2.1
SET/6 IVORY BIRD T-LIGHT CANDLES,2.1,1,1,2.1
AMBER BERTIE GLASS BEAD BAG CHARM,2.1,1,1,2.1
3 BIRDS CANVAS SCREEN,2.04,2,2,1.02
EASTER CRAFT IVY WREATH WITH CHICK,1.95,1,1,1.95
PINK POLKADOT KIDS BAG,1.95,1,1,1.95
CROCHET DOG KEYRING,1.65,1,1,1.65
FLOWER SHOP DESIGN MUG,1.65,1,1,1.65
CROCHET LILAC/RED BEAR KEYRING,1.65,1,1,1.65
ORANGE FLOWER MUG ,1.56,4,1,0.39
CHAMPAGNE TRAY BLANK CARD,1.52,8,2,0.19
ROBIN CHRISTMAS CARD,1.26,3,1,0.42
SET 36 COLOURING PENCILS DOILEY,1.25,1,1,1.25
RUBY GLASS CLUSTER EARRINGS,1.25,1,1,1.25
ORANGE FELT VASE + FLOWERS,1.25,1,1,1.25
FUNKY MONKEY MUG,1.25,1,1,1.25
BLUE LEAVES AND BEADS PHONE CHARM,1.25,1,1,1.25
BLACKCHRISTMAS TREE 30CM,1.25,1,1,1.25
DUSTY PINK CHRISTMAS TREE 30CM,1.25,1,1,1.25
PACK 4 FLOWER/BUTTERFLY PATCHES,1.25,1,1,1.25
60 GOLD AND SILVER FAIRY CAKE CASES,1.1,2,2,0.55
HAPPY BIRTHDAY CARD TEDDY/CAKE,0.95,5,1,0.19
CAT WITH SUNGLASSES BLANK CARD,0.95,5,1,0.19
PINK CRYSTAL GUITAR PHONE CHARM,0.85,1,1,0.85
PURPLE FRANGIPANI HAIRCLIP,0.85,1,1,0.85
VINTAGE BLUE TINSEL REEL,0.84,2,1,0.42
SET 12 COLOURING PENCILS DOILEY,0.65,1,1,0.65
HEN HOUSE W CHICK IN NEST,0.42,1,1,0.42
PADS TO MATCH ALL CUSHIONS,0.003,3,3,0.001
